time,Cache:adminBytes,Cache:avgBatchCACHEMODE,Cache:avgBatchCRITICAL,Cache:avgBatchDAEMON,Cache:avgBatchEVICTORTHREAD,Cache:avgBatchMANUAL,Cache:cacheTotalBytes,Cache:dataAdminBytes,Cache:dataBytes,Cache:lockBytes,Cache:nBINsEvictedCACHEMODE,Cache:nBINsEvictedCRITICAL,Cache:nBINsEvictedDAEMON,Cache:nBINsEvictedEVICTORTHREAD,Cache:nBINsEvictedMANUAL,Cache:nBINsFetch,Cache:nBINsFetchMiss,Cache:nBINsStripped,Cache:nBatchesCACHEMODE,Cache:nBatchesCRITICAL,Cache:nBatchesDAEMON,Cache:nBatchesEVICTORTHREAD,Cache:nBatchesMANUAL,Cache:nCachedBINs,Cache:nCachedUpperINs,Cache:nEvictPasses,Cache:nINCompactKey,Cache:nINNoTarget,Cache:nINSparseTarget,Cache:nLNsFetch,Cache:nLNsFetchMiss,Cache:nNodesEvicted,Cache:nNodesScanned,Cache:nNodesSelected,Cache:nRootNodesEvicted,Cache:nSharedCacheEnvironments,Cache:nThreadUnavailable,Cache:nUpperINsEvictedCACHEMODE,Cache:nUpperINsEvictedCRITICAL,Cache:nUpperINsEvictedDAEMON,Cache:nUpperINsEvictedEVICTORTHREAD,Cache:nUpperINsEvictedMANUAL,Cache:nUpperINsFetch,Cache:nUpperINsFetchMiss,Cache:requiredEvictBytes,Cache:sharedCacheTotalBytes,Checkpoints:lastCheckpointEnd,Checkpoints:lastCheckpointId,Checkpoints:lastCheckpointStart,Checkpoints:nCheckpoints,Checkpoints:nDeltaINFlush,Checkpoints:nFullBINFlush,Checkpoints:nFullINFlush,Cleaning:cleanerBackLog,Cleaning:fileDeletionBacklog,Cleaning:lastKnownUtilization,Cleaning:lnSizeCorrectionFactor,Cleaning:nBINDeltasCleaned,Cleaning:nBINDeltasDead,Cleaning:nBINDeltasMigrated,Cleaning:nBINDeltasObsolete,Cleaning:nCleanerDeletions,Cleaning:nCleanerEntriesRead,Cleaning:nCleanerProbeRuns,Cleaning:nCleanerRuns,Cleaning:nClusterLNsProcessed,Cleaning:nINsCleaned,Cleaning:nINsDead,Cleaning:nINsMigrated,Cleaning:nINsObsolete,Cleaning:nLNQueueHits,Cleaning:nLNsCleaned,Cleaning:nLNsDead,Cleaning:nLNsLocked,Cleaning:nLNsMarked,Cleaning:nLNsMigrated,Cleaning:nLNsObsolete,Cleaning:nMarkLNsProcessed,Cleaning:nPendingLNsLocked,Cleaning:nPendingLNsProcessed,Cleaning:nRepeatIteratorReads,Cleaning:nToBeCleanedLNsProcessed,Cleaning:pendingLNQueueSize,Cleaning:totalLogSize,Environment:btreeRelatchesRequired,Environment:environmentCreationTime,I/O:bufferBytes,I/O:endOfLog,I/O:nBytesReadFromWriteQueue,I/O:nBytesWrittenFromWriteQueue,I/O:nCacheMiss,I/O:nFSyncRequests,I/O:nFSyncTime,I/O:nFSyncs,I/O:nFileOpens,I/O:nGroupCommitRequests,I/O:nGroupCommitWaits,I/O:nGrpCommitTimeouts,I/O:nLogBuffers,I/O:nLogFSyncs,I/O:nLogIntervalExceeded,I/O:nLogMaxGroupCommitThreshold,I/O:nNoFreeBuffer,I/O:nNotResident,I/O:nOpenFiles,I/O:nRandomReadBytes,I/O:nRandomReads,I/O:nRandomWriteBytes,I/O:nRandomWrites,I/O:nReadsFromWriteQueue,I/O:nRepeatFaultReads,I/O:nSequentialReadBytes,I/O:nSequentialReads,I/O:nSequentialWriteBytes,I/O:nSequentialWrites,I/O:nTempBufferWrites,I/O:nWriteQueueOverflow,I/O:nWriteQueueOverflowFailures,I/O:nWritesFromWriteQueue,Jvm:PS MarkSweep.count,Jvm:PS MarkSweep.time,Jvm:PS Scavenge.count,Jvm:PS Scavenge.time,Jvm:heap,Jvm:loadAverage,Locks:nLatchAcquireNoWaitUnsuccessful,Locks:nLatchAcquiresNoWaitSuccessful,Locks:nLatchAcquiresNoWaiters,Locks:nLatchAcquiresSelfOwned,Locks:nLatchAcquiresWithContention,Locks:nLatchReleases,Locks:nRequests,Locks:nWaits,Node Compression:cursorsBins,Node Compression:dbClosedBins,Node Compression:inCompQueueSize,Node Compression:nonEmptyBins,Node Compression:processedBins,Node Compression:splitBins,Op:cursorDelete,Op:cursorGetCurrent,Op:cursorGetFirst,Op:cursorGetLast,Op:cursorGetNext,Op:cursorGetNextDup,Op:cursorGetNextNoDup,Op:cursorGetPrev,Op:cursorGetPrevDup,Op:cursorGetPrevNoDup,Op:cursorPut,Op:cursorPutCurrent,Op:cursorPutNoDupData,Op:cursorPutNoOverwrite,Op:dbDelete,Op:dbGet,Op:dbGetSearchBoth,Op:dbPut,Op:dbPutNoDupData,Op:dbPutNoOverWrite,Op:dbRemoveSequence,Op:dosCursorGetNext,Op:secondaryCursorDelete,Op:secondaryCursorGetCurrent,Op:secondaryCursorGetFirst,Op:secondaryCursorGetLast,Op:secondaryCursorGetNext,Op:secondaryCursorGetNextDup,Op:secondaryCursorGetNextNoDup,Op:secondaryCursorGetPrev,Op:secondaryCursorGetPrevDup,Op:secondaryCursorGetPrevNoDup,Op:secondaryDbDelete,Op:secondaryDbGet,Op:secondaryDbGetSearchBoth
2016-10-26 10:10:42.596 UTC,125,0,0,0,0,0,3166672,1160,20259,560,0,0,0,0,0,0,0,0,0,0,0,0,0,5,5,0,2,1,9,0,0,0,0,0,0, ,0,0,0,0,0,0,0,0,0,0,4158,3,3488,0,0,0,0,0,0,37,0,0,0,0,0,0,0,0,0,0,0,0,0,0,0,0,0,0,0,0,0,0,0,0,0,0,0,0,0,1477410641686,3145728,0,0,0,0,0,0,0,0,0,0,0,3,0,0,0,0,0,1,0,0,0,0,0,0,0,0,0,0,0,0,0,0,0,0,0,0,110587416,8,0,0,0,0,0,0,0,0,0,0,0,0,0,0,0,0,0,0,0,0,0,0,0,0,0,0,0,0,0,0,0,0,0,0,0,0,0,0,0,0,0,0,0,0,0,0,0,0,0
2016-10-26 10:11:42.603 UTC,125,0,0,0,0,0,3166672,1160,20259,560,0,0,0,0,0,0,0,0,0,0,0,0,0,5,5,0,2,1,9,0,0,0,0,0,0, ,0,0,0,0,0,0,0,0,0,0,4158,3,3488,0,0,0,0,0,0,37,0,0,0,0,0,0,0,0,0,0,0,0,0,0,0,0,0,0,0,0,0,0,0,0,0,0,0,0,0,1477410641686,3145728,0,0,0,0,0,0,0,0,0,0,0,3,0,0,0,0,0,1,0,0,0,0,0,0,0,0,0,0,0,0,0,0,0,0,0,0,113280688,8,0,0,0,0,0,0,0,0,0,0,0,0,0,0,0,0,0,0,0,0,0,0,0,0,0,0,0,0,0,0,0,0,0,0,0,0,0,0,0,0,0,0,0,0,0,0,0,0,0
2016-10-26 10:12:42.604 UTC,125,0,0,0,0,0,3166672,1160,20259,560,0,0,0,0,0,0,0,0,0,0,0,0,0,5,5,0,2,1,9,0,0,0,0,0,0, ,0,0,0,0,0,0,0,0,0,0,4158,3,3488,0,0,0,0,0,0,37,0,0,0,0,0,0,0,0,0,0,0,0,0,0,0,0,0,0,0,0,0,0,0,0,0,0,0,0,0,1477410641686,3145728,0,0,0,0,0,0,0,0,0,0,0,3,0,0,0,0,0,1,0,0,0,0,0,0,0,0,0,0,0,0,0,0,0,0,0,0,114021896,7,0,0,0,0,0,0,0,0,0,0,0,0,0,0,0,0,0,0,0,0,0,0,0,0,0,0,0,0,0,0,0,0,0,0,0,0,0,0,0,0,0,0,0,0,0,0,0,0,0
2016-10-26 10:13:42.605 UTC,125,0,0,0,0,0,3166672,1160,20259,560,0,0,0,0,0,0,0,0,0,0,0,0,0,5,5,0,2,1,9,0,0,0,0,0,0, ,0,0,0,0,0,0,0,0,0,0,4158,3,3488,0,0,0,0,0,0,37,0,0,0,0,0,0,0,0,0,0,0,0,0,0,0,0,0,0,0,0,0,0,0,0,0,0,0,0,0,1477410641686,3145728,0,0,0,0,0,0,0,0,0,0,0,3,0,0,0,0,0,1,0,0,0,0,0,0,0,0,0,0,0,0,0,0,0,0,0,0,114354032,7,0,0,0,0,0,0,0,0,0,0,0,0,0,0,0,0,0,0,0,0,0,0,0,0,0,0,0,0,0,0,0,0,0,0,0,0,0,0,0,0,0,0,0,0,0,0,0,0,0
2016-10-26 10:14:42.605 UTC,125,0,0,0,0,0,3166672,1160,20259,560,0,0,0,0,0,0,0,0,0,0,0,0,0,5,5,0,2,1,9,0,0,0,0,0,0, ,0,0,0,0,0,0,0,0,0,0,4158,3,3488,0,0,0,0,0,0,37,0,0,0,0,0,0,0,0,0,0,0,0,0,0,0,0,0,0,0,0,0,0,0,0,0,0,0,0,0,1477410641686,3145728,0,0,0,0,0,0,0,0,0,0,0,3,0,0,0,0,0,1,0,0,0,0,0,0,0,0,0,0,0,0,0,0,0,0,0,0,116796824,7,0,0,0,0,0,0,0,0,0,0,0,0,0,0,0,0,0,0,0,0,0,0,0,0,0,0,0,0,0,0,0,0,0,0,0,0,0,0,0,0,0,0,0,0,0,0,0,0,0
2016-10-26 10:15:42.606 UTC,125,0,0,0,0,0,3166672,1160,20259,560,0,0,0,0,0,0,0,0,0,0,0,0,0,5,5,0,2,1,9,0,0,0,0,0,0, ,0,0,0,0,0,0,0,0,0,0,4158,3,3488,0,0,0,0,0,0,37,0,0,0,0,0,0,0,0,0,0,0,0,0,0,0,0,0,0,0,0,0,0,0,0,0,0,0,0,0,1477410641686,3145728,0,0,0,0,0,0,0,0,0,0,0,3,0,0,0,0,0,1,0,0,0,0,0,0,0,0,0,0,0,0,0,0,0,0,0,0,117625536,7,0,0,0,0,0,0,0,0,0,0,0,0,0,0,0,0,0,0,0,0,0,0,0,0,0,0,0,0,0,0,0,0,0,0,0,0,0,0,0,0,0,0,0,0,0,0,0,0,0
2016-10-26 10:16:42.607 UTC,125,0,0,0,0,0,3166672,1160,20259,560,0,0,0,0,0,0,0,0,0,0,0,0,0,5,5,0,2,1,9,0,0,0,0,0,0, ,0,0,0,0,0,0,0,0,0,0,4158,3,3488,0,0,0,0,0,0,37,0,0,0,0,0,0,0,0,0,0,0,0,0,0,0,0,0,0,0,0,0,0,0,0,0,0,0,0,0,1477410641686,3145728,0,0,0,0,0,0,0,0,0,0,0,3,0,0,0,0,0,1,0,0,0,0,0,0,0,0,0,0,0,0,0,0,0,0,0,0,117895808,7,0,0,0,0,0,0,0,0,0,0,0,0,0,0,0,0,0,0,0,0,0,0,0,0,0,0,0,0,0,0,0,0,0,0,0,0,0,0,0,0,0,0,0,0,0,0,0,0,0
2016-10-26 10:17:42.608 UTC,125,0,0,0,0,0,3166672,1160,20259,560,0,0,0,0,0,0,0,0,0,0,0,0,0,5,5,0,2,1,9,0,0,0,0,0,0, ,0,0,0,0,0,0,0,0,0,0,4158,3,3488,0,0,0,0,0,0,37,0,0,0,0,0,0,0,0,0,0,0,0,0,0,0,0,0,0,0,0,0,0,0,0,0,0,0,0,0,1477410641686,3145728,0,0,0,0,0,0,0,0,0,0,0,3,0,0,0,0,0,1,0,0,0,0,0,0,0,0,0,0,0,0,0,0,0,0,0,0,118472760,7,0,0,0,0,0,0,0,0,0,0,0,0,0,0,0,0,0,0,0,0,0,0,0,0,0,0,0,0,0,0,0,0,0,0,0,0,0,0,0,0,0,0,0,0,0,0,0,0,0
2016-10-26 10:18:42.608 UTC,125,0,0,0,0,0,3166672,1160,20259,560,0,0,0,0,0,0,0,0,0,0,0,0,0,5,5,0,2,1,9,0,0,0,0,0,0, ,0,0,0,0,0,0,0,0,0,0,4158,3,3488,0,0,0,0,0,0,37,0,0,0,0,0,0,0,0,0,0,0,0,0,0,0,0,0,0,0,0,0,0,0,0,0,0,0,0,0,1477410641686,3145728,0,0,0,0,0,0,0,0,0,0,0,3,0,0,0,0,0,1,0,0,0,0,0,0,0,0,0,0,0,0,0,0,0,0,0,0,121134480,7,0,0,0,0,0,0,0,0,0,0,0,0,0,0,0,0,0,0,0,0,0,0,0,0,0,0,0,0,0,0,0,0,0,0,0,0,0,0,0,0,0,0,0,0,0,0,0,0,0
2016-10-26 10:19:42.609 UTC,125,0,0,0,0,0,3166672,1160,20259,560,0,0,0,0,0,0,0,0,0,0,0,0,0,5,5,0,2,1,9,0,0,0,0,0,0, ,0,0,0,0,0,0,0,0,0,0,4158,3,3488,0,0,0,0,0,0,37,0,0,0,0,0,0,0,0,0,0,0,0,0,0,0,0,0,0,0,0,0,0,0,0,0,0,0,0,0,1477410641686,3145728,0,0,0,0,0,0,0,0,0,0,0,3,0,0,0,0,0,1,0,0,0,0,0,0,0,0,0,0,0,0,0,0,0,0,0,0,121797560,7,0,0,0,0,0,0,0,0,0,0,0,0,0,0,0,0,0,0,0,0,0,0,0,0,0,0,0,0,0,0,0,0,0,0,0,0,0,0,0,0,0,0,0,0,0,0,0,0,0
2016-10-26 10:20:42.610 UTC,125,0,0,0,0,0,3166672,1160,20259,560,0,0,0,0,0,0,0,0,0,0,0,0,0,5,5,0,2,1,9,0,0,0,0,0,0, ,0,0,0,0,0,0,0,0,0,0,4158,3,3488,0,0,0,0,0,0,37,0,0,0,0,0,0,0,0,0,0,0,0,0,0,0,0,0,0,0,0,0,0,0,0,0,0,0,0,0,1477410641686,3145728,0,0,0,0,0,0,0,0,0,0,0,3,0,0,0,0,0,1,0,0,0,0,0,0,0,0,0,0,0,0,0,0,0,0,0,0,122005648,8,0,0,0,0,0,0,0,0,0,0,0,0,0,0,0,0,0,0,0,0,0,0,0,0,0,0,0,0,0,0,0,0,0,0,0,0,0,0,0,0,0,0,0,0,0,0,0,0,0
2016-10-26 10:21:42.610 UTC,125,0,0,0,0,0,3166672,1160,20259,560,0,0,0,0,0,0,0,0,0,0,0,0,0,5,5,0,2,1,9,0,0,0,0,0,0, ,0,0,0,0,0,0,0,0,0,0,4158,3,3488,0,0,0,0,0,0,37,0,0,0,0,0,0,0,0,0,0,0,0,0,0,0,0,0,0,0,0,0,0,0,0,0,0,0,0,0,1477410641686,3145728,0,0,0,0,0,0,0,0,0,0,0,3,0,0,0,0,0,1,0,0,0,0,0,0,0,0,0,0,0,0,0,0,0,0,0,0,123693376,7,0,0,0,0,0,0,0,0,0,0,0,0,0,0,0,0,0,0,0,0,0,0,0,0,0,0,0,0,0,0,0,0,0,0,0,0,0,0,0,0,0,0,0,0,0,0,0,0,0
2016-10-26 10:22:42.611 UTC,125,0,0,0,0,0,3166672,1160,20259,560,0,0,0,0,0,0,0,0,0,0,0,0,0,5,5,0,2,1,9,0,0,0,0,0,0, ,0,0,0,0,0,0,0,0,0,0,4158,3,3488,0,0,0,0,0,0,37,0,0,0,0,0,0,0,0,0,0,0,0,0,0,0,0,0,0,0,0,0,0,0,0,0,0,0,0,0,1477410641686,3145728,0,0,0,0,0,0,0,0,0,0,0,3,0,0,0,0,0,1,0,0,0,0,0,0,0,0,0,0,0,0,0,0,0,0,0,0,125299880,7,0,0,0,0,0,0,0,0,0,0,0,0,0,0,0,0,0,0,0,0,0,0,0,0,0,0,0,0,0,0,0,0,0,0,0,0,0,0,0,0,0,0,0,0,0,0,0,0,0
2016-10-26 10:23:42.612 UTC,125,0,0,0,0,0,3166672,1160,20259,560,0,0,0,0,0,0,0,0,0,0,0,0,0,5,5,0,2,1,9,0,0,0,0,0,0, ,0,0,0,0,0,0,0,0,0,0,4158,3,3488,0,0,0,0,0,0,37,0,0,0,0,0,0,0,0,0,0,0,0,0,0,0,0,0,0,0,0,0,0,0,0,0,0,0,0,0,1477410641686,3145728,0,0,0,0,0,0,0,0,0,0,0,3,0,0,0,0,0,1,0,0,0,0,0,0,0,0,0,0,0,0,0,0,0,0,0,0,125765136,7,0,0,0,0,0,0,0,0,0,0,0,0,0,0,0,0,0,0,0,0,0,0,0,0,0,0,0,0,0,0,0,0,0,0,0,0,0,0,0,0,0,0,0,0,0,0,0,0,0
2016-10-26 10:24:42.613 UTC,125,0,0,0,0,0,3166672,1160,20259,560,0,0,0,0,0,0,0,0,0,0,0,0,0,5,5,0,2,1,9,0,0,0,0,0,0, ,0,0,0,0,0,0,0,0,0,0,4158,3,3488,0,0,0,0,0,0,37,0,0,0,0,0,0,0,0,0,0,0,0,0,0,0,0,0,0,0,0,0,0,0,0,0,0,0,0,0,1477410641686,3145728,0,0,0,0,0,0,0,0,0,0,0,3,0,0,0,0,0,1,0,0,0,0,0,0,0,0,0,0,0,0,0,0,0,0,0,0,125911032,7,0,0,0,0,0,0,0,0,0,0,0,0,0,0,0,0,0,0,0,0,0,0,0,0,0,0,0,0,0,0,0,0,0,0,0,0,0,0,0,0,0,0,0,0,0,0,0,0,0
2016-10-26 10:25:42.613 UTC,125,0,0,0,0,0,3166672,1160,20259,560,0,0,0,0,0,0,0,0,0,0,0,0,0,5,5,0,2,1,9,0,0,0,0,0,0, ,0,0,0,0,0,0,0,0,0,0,4158,3,3488,0,0,0,0,0,0,37,0,0,0,0,0,0,0,0,0,0,0,0,0,0,0,0,0,0,0,0,0,0,0,0,0,0,0,0,0,1477410641686,3145728,0,0,0,0,0,0,0,0,0,0,0,3,0,0,0,0,0,1,0,0,0,0,0,0,0,0,0,0,0,0,0,0,0,0,0,0,128685544,7,0,0,0,0,0,0,0,0,0,0,0,0,0,0,0,0,0,0,0,0,0,0,0,0,0,0,0,0,0,0,0,0,0,0,0,0,0,0,0,0,0,0,0,0,0,0,0,0,0
2016-10-26 10:26:42.614 UTC,125,0,0,0,0,0,3166672,1160,20259,560,0,0,0,0,0,0,0,0,0,0,0,0,0,5,5,0,2,1,9,0,0,0,0,0,0, ,0,0,0,0,0,0,0,0,0,0,4158,3,3488,0,0,0,0,0,0,37,0,0,0,0,0,0,0,0,0,0,0,0,0,0,0,0,0,0,0,0,0,0,0,0,0,0,0,0,0,1477410641686,3145728,0,0,0,0,0,0,0,0,0,0,0,3,0,0,0,0,0,1,0,0,0,0,0,0,0,0,0,0,0,0,0,0,0,0,0,0,129165040,7,0,0,0,0,0,0,0,0,0,0,0,0,0,0,0,0,0,0,0,0,0,0,0,0,0,0,0,0,0,0,0,0,0,0,0,0,0,0,0,0,0,0,0,0,0,0,0,0,0
2016-10-26 10:27:42.615 UTC,125,0,0,0,0,0,3166672,1160,20259,560,0,0,0,0,0,0,0,0,0,0,0,0,0,5,5,0,2,1,9,0,0,0,0,0,0, ,0,0,0,0,0,0,0,0,0,0,4158,3,3488,0,0,0,0,0,0,37,0,0,0,0,0,0,0,0,0,0,0,0,0,0,0,0,0,0,0,0,0,0,0,0,0,0,0,0,0,1477410641686,3145728,0,0,0,0,0,0,0,0,0,0,0,3,0,0,0,0,0,1,0,0,0,0,0,0,0,0,0,0,0,0,0,0,0,0,0,0,129760440,7,0,0,0,0,0,0,0,0,0,0,0,0,0,0,0,0,0,0,0,0,0,0,0,0,0,0,0,0,0,0,0,0,0,0,0,0,0,0,0,0,0,0,0,0,0,0,0,0,0
2016-10-26 10:28:42.615 UTC,125,0,0,0,0,0,3166672,1160,20259,560,0,0,0,0,0,0,0,0,0,0,0,0,0,5,5,0,2,1,9,0,0,0,0,0,0, ,0,0,0,0,0,0,0,0,0,0,4158,3,3488,0,0,0,0,0,0,37,0,0,0,0,0,0,0,0,0,0,0,0,0,0,0,0,0,0,0,0,0,0,0,0,0,0,0,0,0,1477410641686,3145728,0,0,0,0,0,0,0,0,0,0,0,3,0,0,0,0,0,1,0,0,0,0,0,0,0,0,0,0,0,0,0,0,0,0,0,0,130238368,7,0,0,0,0,0,0,0,0,0,0,0,0,0,0,0,0,0,0,0,0,0,0,0,0,0,0,0,0,0,0,0,0,0,0,0,0,0,0,0,0,0,0,0,0,0,0,0,0,0
2016-10-26 10:29:42.616 UTC,125,0,0,0,0,0,3166672,1160,20259,560,0,0,0,0,0,0,0,0,0,0,0,0,0,5,5,0,2,1,9,0,0,0,0,0,0, ,0,0,0,0,0,0,0,0,0,0,4158,3,3488,0,0,0,0,0,0,37,0,0,0,0,0,0,0,0,0,0,0,0,0,0,0,0,0,0,0,0,0,0,0,0,0,0,0,0,0,1477410641686,3145728,0,0,0,0,0,0,0,0,0,0,0,3,0,0,0,0,0,1,0,0,0,0,0,0,0,0,0,0,0,0,0,0,0,0,0,0,133129072,7,0,0,0,0,0,0,0,0,0,0,0,0,0,0,0,0,0,0,0,0,0,0,0,0,0,0,0,0,0,0,0,0,0,0,0,0,0,0,0,0,0,0,0,0,0,0,0,0,0
2016-10-26 10:30:42.617 UTC,125,0,0,0,0,0,3166672,1160,20259,560,0,0,0,0,0,0,0,0,0,0,0,0,0,5,5,0,2,1,9,0,0,0,0,0,0, ,0,0,0,0,0,0,0,0,0,0,4158,3,3488,0,0,0,0,0,0,37,0,0,0,0,0,0,0,0,0,0,0,0,0,0,0,0,0,0,0,0,0,0,0,0,0,0,0,0,0,1477410641686,3145728,0,0,0,0,0,0,0,0,0,0,0,3,0,0,0,0,0,1,0,0,0,0,0,0,0,0,0,0,0,0,0,0,0,0,0,0,133191776,7,0,0,0,0,0,0,0,0,0,0,0,0,0,0,0,0,0,0,0,0,0,0,0,0,0,0,0,0,0,0,0,0,0,0,0,0,0,0,0,0,0,0,0,0,0,0,0,0,0
2016-10-26 10:31:42.617 UTC,125,0,0,0,0,0,3166672,1160,20259,560,0,0,0,0,0,0,0,0,0,0,0,0,0,5,5,0,2,1,9,0,0,0,0,0,0, ,0,0,0,0,0,0,0,0,0,0,4158,3,3488,0,0,0,0,0,0,37,0,0,0,0,0,0,0,0,0,0,0,0,0,0,0,0,0,0,0,0,0,0,0,0,0,0,0,0,0,1477410641686,3145728,0,0,0,0,0,0,0,0,0,0,0,3,0,0,0,0,0,1,0,0,0,0,0,0,0,0,0,0,0,0,0,0,0,0,0,0,133755872,8,0,0,0,0,0,0,0,0,0,0,0,0,0,0,0,0,0,0,0,0,0,0,0,0,0,0,0,0,0,0,0,0,0,0,0,0,0,0,0,0,0,0,0,0,0,0,0,0,0
2016-10-26 10:32:42.618 UTC,125,0,0,0,0,0,3166672,1160,20259,560,0,0,0,0,0,0,0,0,0,0,0,0,0,5,5,0,2,1,9,0,0,0,0,0,0, ,0,0,0,0,0,0,0,0,0,0,4158,3,3488,0,0,0,0,0,0,37,0,0,0,0,0,0,0,0,0,0,0,0,0,0,0,0,0,0,0,0,0,0,0,0,0,0,0,0,0,1477410641686,3145728,0,0,0,0,0,0,0,0,0,0,0,3,0,0,0,0,0,1,0,0,0,0,0,0,0,0,0,0,0,0,0,0,0,0,0,0,135248168,7,0,0,0,0,0,0,0,0,0,0,0,0,0,0,0,0,0,0,0,0,0,0,0,0,0,0,0,0,0,0,0,0,0,0,0,0,0,0,0,0,0,0,0,0,0,0,0,0,0
2016-10-26 10:33:42.619 UTC,125,0,0,0,0,0,3166672,1160,20259,560,0,0,0,0,0,0,0,0,0,0,0,0,0,5,5,0,2,1,9,0,0,0,0,0,0, ,0,0,0,0,0,0,0,0,0,0,4158,3,3488,0,0,0,0,0,0,37,0,0,0,0,0,0,0,0,0,0,0,0,0,0,0,0,0,0,0,0,0,0,0,0,0,0,0,0,0,1477410641686,3145728,0,0,0,0,0,0,0,0,0,0,0,3,0,0,0,0,0,1,0,0,0,0,0,0,0,0,0,0,0,0,0,0,0,0,0,0,137058392,7,0,0,0,0,0,0,0,0,0,0,0,0,0,0,0,0,0,0,0,0,0,0,0,0,0,0,0,0,0,0,0,0,0,0,0,0,0,0,0,0,0,0,0,0,0,0,0,0,0
2016-10-26 10:34:42.619 UTC,125,0,0,0,0,0,3166672,1160,20259,560,0,0,0,0,0,0,0,0,0,0,0,0,0,5,5,0,2,1,9,0,0,0,0,0,0, ,0,0,0,0,0,0,0,0,0,0,4158,3,3488,0,0,0,0,0,0,37,0,0,0,0,0,0,0,0,0,0,0,0,0,0,0,0,0,0,0,0,0,0,0,0,0,0,0,0,0,1477410641686,3145728,0,0,0,0,0,0,0,0,0,0,0,3,0,0,0,0,0,1,0,0,0,0,0,0,0,0,0,0,0,0,0,0,0,0,0,0,137544920,7,0,0,0,0,0,0,0,0,0,0,0,0,0,0,0,0,0,0,0,0,0,0,0,0,0,0,0,0,0,0,0,0,0,0,0,0,0,0,0,0,0,0,0,0,0,0,0,0,0
2016-10-26 10:35:42.620 UTC,125,0,0,0,0,0,3166672,1160,20259,560,0,0,0,0,0,0,0,0,0,0,0,0,0,5,5,0,2,1,9,0,0,0,0,0,0, ,0,0,0,0,0,0,0,0,0,0,4158,3,3488,0,0,0,0,0,0,37,0,0,0,0,0,0,0,0,0,0,0,0,0,0,0,0,0,0,0,0,0,0,0,0,0,0,0,0,0,1477410641686,3145728,0,0,0,0,0,0,0,0,0,0,0,3,0,0,0,0,0,1,0,0,0,0,0,0,0,0,0,0,0,0,0,0,0,0,0,0,137783912,7,0,0,0,0,0,0,0,0,0,0,0,0,0,0,0,0,0,0,0,0,0,0,0,0,0,0,0,0,0,0,0,0,0,0,0,0,0,0,0,0,0,0,0,0,0,0,0,0,0
2016-10-26 10:36:42.621 UTC,125,0,0,0,0,0,3166672,1160,20259,560,0,0,0,0,0,0,0,0,0,0,0,0,0,5,5,0,2,1,9,0,0,0,0,0,0, ,0,0,0,0,0,0,0,0,0,0,4158,3,3488,0,0,0,0,0,0,37,0,0,0,0,0,0,0,0,0,0,0,0,0,0,0,0,0,0,0,0,0,0,0,0,0,0,0,0,0,1477410641686,3145728,0,0,0,0,0,0,0,0,0,0,0,3,0,0,0,0,0,1,0,0,0,0,0,0,0,0,0,0,0,0,0,0,0,0,0,0,140574000,7,0,0,0,0,0,0,0,0,0,0,0,0,0,0,0,0,0,0,0,0,0,0,0,0,0,0,0,0,0,0,0,0,0,0,0,0,0,0,0,0,0,0,0,0,0,0,0,0,0
2016-10-26 10:37:42.622 UTC,125,0,0,0,0,0,3166672,1160,20259,560,0,0,0,0,0,0,0,0,0,0,0,0,0,5,5,0,2,1,9,0,0,0,0,0,0, ,0,0,0,0,0,0,0,0,0,0,4158,3,3488,0,0,0,0,0,0,37,0,0,0,0,0,0,0,0,0,0,0,0,0,0,0,0,0,0,0,0,0,0,0,0,0,0,0,0,0,1477410641686,3145728,0,0,0,0,0,0,0,0,0,0,0,3,0,0,0,0,0,1,0,0,0,0,0,0,0,0,0,0,0,0,0,0,0,0,0,0,141053552,7,0,0,0,0,0,0,0,0,0,0,0,0,0,0,0,0,0,0,0,0,0,0,0,0,0,0,0,0,0,0,0,0,0,0,0,0,0,0,0,0,0,0,0,0,0,0,0,0,0
2016-10-26 10:38:42.622 UTC,125,0,0,0,0,0,3166672,1160,20259,560,0,0,0,0,0,0,0,0,0,0,0,0,0,5,5,0,2,1,9,0,0,0,0,0,0, ,0,0,0,0,0,0,0,0,0,0,4158,3,3488,0,0,0,0,0,0,37,0,0,0,0,0,0,0,0,0,0,0,0,0,0,0,0,0,0,0,0,0,0,0,0,0,0,0,0,0,1477410641686,3145728,0,0,0,0,0,0,0,0,0,0,0,3,0,0,0,0,0,1,0,0,0,0,0,0,0,0,0,0,0,0,0,0,0,0,0,0,141570992,7,0,0,0,0,0,0,0,0,0,0,0,0,0,0,0,0,0,0,0,0,0,0,0,0,0,0,0,0,0,0,0,0,0,0,0,0,0,0,0,0,0,0,0,0,0,0,0,0,0
2016-10-26 10:39:42.623 UTC,125,0,0,0,0,0,3166672,1160,20259,560,0,0,0,0,0,0,0,0,0,0,0,0,0,5,5,0,2,1,9,0,0,0,0,0,0, ,0,0,0,0,0,0,0,0,0,0,4158,3,3488,0,0,0,0,0,0,37,0,0,0,0,0,0,0,0,0,0,0,0,0,0,0,0,0,0,0,0,0,0,0,0,0,0,0,0,0,1477410641686,3145728,0,0,0,0,0,0,0,0,0,0,0,3,0,0,0,0,0,1,0,0,0,0,0,0,0,0,0,0,0,0,0,0,0,0,0,0,142111352,7,0,0,0,0,0,0,0,0,0,0,0,0,0,0,0,0,0,0,0,0,0,0,0,0,0,0,0,0,0,0,0,0,0,0,0,0,0,0,0,0,0,0,0,0,0,0,0,0,0
2016-10-26 10:40:42.624 UTC,125,0,0,0,0,0,3166672,1160,20259,560,0,0,0,0,0,0,0,0,0,0,0,0,0,5,5,0,2,1,9,0,0,0,0,0,0, ,0,0,0,0,0,0,0,0,0,0,4158,3,3488,0,0,0,0,0,0,37,0,0,0,0,0,0,0,0,0,0,0,0,0,0,0,0,0,0,0,0,0,0,0,0,0,0,0,0,0,1477410641686,3145728,0,0,0,0,0,0,0,0,0,0,0,3,0,0,0,0,0,1,0,0,0,0,0,0,0,0,0,0,0,0,0,0,0,0,0,0,144887496,7,0,0,0,0,0,0,0,0,0,0,0,0,0,0,0,0,0,0,0,0,0,0,0,0,0,0,0,0,0,0,0,0,0,0,0,0,0,0,0,0,0,0,0,0,0,0,0,0,0
2016-10-26 10:41:42.624 UTC,125,0,0,0,0,0,3166672,1160,20259,560,0,0,0,0,0,0,0,0,0,0,0,0,0,5,5,0,2,1,9,0,0,0,0,0,0, ,0,0,0,0,0,0,0,0,0,0,4158,3,3488,0,0,0,0,0,0,37,0,0,0,0,0,0,0,0,0,0,0,0,0,0,0,0,0,0,0,0,0,0,0,0,0,0,0,0,0,1477410641686,3145728,0,0,0,0,0,0,0,0,0,0,0,3,0,0,0,0,0,1,0,0,0,0,0,0,0,0,0,0,0,0,0,0,0,0,0,0,145049112,7,0,0,0,0,0,0,0,0,0,0,0,0,0,0,0,0,0,0,0,0,0,0,0,0,0,0,0,0,0,0,0,0,0,0,0,0,0,0,0,0,0,0,0,0,0,0,0,0,0
2016-10-26 10:42:42.625 UTC,125,0,0,0,0,0,3166672,1160,20259,560,0,0,0,0,0,0,0,0,0,0,0,0,0,5,5,0,2,1,9,0,0,0,0,0,0, ,0,0,0,0,0,0,0,0,0,0,4158,3,3488,0,0,0,0,0,0,37,0,0,0,0,0,0,0,0,0,0,0,0,0,0,0,0,0,0,0,0,0,0,0,0,0,0,0,0,0,1477410641686,3145728,0,0,0,0,0,0,0,0,0,0,0,3,0,0,0,0,0,1,0,0,0,0,0,0,0,0,0,0,0,0,0,0,0,0,0,0,145628736,7,0,0,0,0,0,0,0,0,0,0,0,0,0,0,0,0,0,0,0,0,0,0,0,0,0,0,0,0,0,0,0,0,0,0,0,0,0,0,0,0,0,0,0,0,0,0,0,0,0
2016-10-26 10:43:42.626 UTC,125,0,0,0,0,0,3166672,1160,20259,560,0,0,0,0,0,0,0,0,0,0,0,0,0,5,5,0,2,1,9,0,0,0,0,0,0, ,0,0,0,0,0,0,0,0,0,0,4158,3,3488,0,0,0,0,0,0,37,0,0,0,0,0,0,0,0,0,0,0,0,0,0,0,0,0,0,0,0,0,0,0,0,0,0,0,0,0,1477410641686,3145728,0,0,0,0,0,0,0,0,0,0,0,3,0,0,0,0,0,1,0,0,0,0,0,0,0,0,0,0,0,0,0,0,0,0,0,0,146114856,7,0,0,0,0,0,0,0,0,0,0,0,0,0,0,0,0,0,0,0,0,0,0,0,0,0,0,0,0,0,0,0,0,0,0,0,0,0,0,0,0,0,0,0,0,0,0,0,0,0
2016-10-26 10:44:42.626 UTC,125,0,0,0,0,0,3166672,1160,20259,560,0,0,0,0,0,0,0,0,0,0,0,0,0,5,5,0,2,1,9,0,0,0,0,0,0, ,0,0,0,0,0,0,0,0,0,0,4158,3,3488,0,0,0,0,0,0,37,0,0,0,0,0,0,0,0,0,0,0,0,0,0,0,0,0,0,0,0,0,0,0,0,0,0,0,0,0,1477410641686,3145728,0,0,0,0,0,0,0,0,0,0,0,3,0,0,0,0,0,1,0,0,0,0,0,0,0,0,0,0,0,0,0,0,0,0,0,0,148891008,7,0,0,0,0,0,0,0,0,0,0,0,0,0,0,0,0,0,0,0,0,0,0,0,0,0,0,0,0,0,0,0,0,0,0,0,0,0,0,0,0,0,0,0,0,0,0,0,0,0
2016-10-26 10:45:42.627 UTC,125,0,0,0,0,0,3166672,1160,20259,560,0,0,0,0,0,0,0,0,0,0,0,0,0,5,5,0,2,1,9,0,0,0,0,0,0, ,0,0,0,0,0,0,0,0,0,0,4158,3,3488,0,0,0,0,0,0,37,0,0,0,0,0,0,0,0,0,0,0,0,0,0,0,0,0,0,0,0,0,0,0,0,0,0,0,0,0,1477410641686,3145728,0,0,0,0,0,0,0,0,0,0,0,3,0,0,0,0,0,1,0,0,0,0,0,0,0,0,0,0,0,0,0,0,0,0,0,0,149036752,7,0,0,0,0,0,0,0,0,0,0,0,0,0,0,0,0,0,0,0,0,0,0,0,0,0,0,0,0,0,0,0,0,0,0,0,0,0,0,0,0,0,0,0,0,0,0,0,0,0
2016-10-26 10:46:42.628 UTC,125,0,0,0,0,0,3166672,1160,20259,560,0,0,0,0,0,0,0,0,0,0,0,0,0,5,5,0,2,1,9,0,0,0,0,0,0, ,0,0,0,0,0,0,0,0,0,0,4158,3,3488,0,0,0,0,0,0,37,0,0,0,0,0,0,0,0,0,0,0,0,0,0,0,0,0,0,0,0,0,0,0,0,0,0,0,0,0,1477410641686,3145728,0,0,0,0,0,0,0,0,0,0,0,3,0,0,0,0,0,1,0,0,0,0,0,0,0,0,0,0,0,0,0,0,0,0,0,0,149632256,7,0,0,0,0,0,0,0,0,0,0,0,0,0,0,0,0,0,0,0,0,0,0,0,0,0,0,0,0,0,0,0,0,0,0,0,0,0,0,0,0,0,0,0,0,0,0,0,0,0
2016-10-26 10:47:42.629 UTC,125,0,0,0,0,0,3166672,1160,20259,560,0,0,0,0,0,0,0,0,0,0,0,0,0,5,5,0,2,1,9,0,0,0,0,0,0, ,0,0,0,0,0,0,0,0,0,0,4158,3,3488,0,0,0,0,0,0,37,0,0,0,0,0,0,0,0,0,0,0,0,0,0,0,0,0,0,0,0,0,0,0,0,0,0,0,0,0,1477410641686,3145728,0,0,0,0,0,0,0,0,0,0,0,3,0,0,0,0,0,1,0,0,0,0,0,0,0,0,0,0,0,0,0,0,0,0,0,0,152438144,7,0,0,0,0,0,0,0,0,0,0,0,0,0,0,0,0,0,0,0,0,0,0,0,0,0,0,0,0,0,0,0,0,0,0,0,0,0,0,0,0,0,0,0,0,0,0,0,0,0
2016-10-26 10:48:42.629 UTC,125,0,0,0,0,0,3166672,1160,20259,560,0,0,0,0,0,0,0,0,0,0,0,0,0,5,5,0,2,1,9,0,0,0,0,0,0, ,0,0,0,0,0,0,0,0,0,0,4158,3,3488,0,0,0,0,0,0,37,0,0,0,0,0,0,0,0,0,0,0,0,0,0,0,0,0,0,0,0,0,0,0,0,0,0,0,0,0,1477410641686,3145728,0,0,0,0,0,0,0,0,0,0,0,3,0,0,0,0,0,1,0,0,0,0,0,0,0,0,0,0,0,0,0,0,0,0,0,0,152886320,7,0,0,0,0,0,0,0,0,0,0,0,0,0,0,0,0,0,0,0,0,0,0,0,0,0,0,0,0,0,0,0,0,0,0,0,0,0,0,0,0,0,0,0,0,0,0,0,0,0
2016-10-26 10:49:42.630 UTC,125,0,0,0,0,0,3166672,1160,20259,560,0,0,0,0,0,0,0,0,0,0,0,0,0,5,5,0,2,1,9,0,0,0,0,0,0, ,0,0,0,0,0,0,0,0,0,0,4158,3,3488,0,0,0,0,0,0,37,0,0,0,0,0,0,0,0,0,0,0,0,0,0,0,0,0,0,0,0,0,0,0,0,0,0,0,0,0,1477410641686,3145728,0,0,0,0,0,0,0,0,0,0,0,3,0,0,0,0,0,1,0,0,0,0,0,0,0,0,0,0,0,0,0,0,0,0,0,0,153372848,7,0,0,0,0,0,0,0,0,0,0,0,0,0,0,0,0,0,0,0,0,0,0,0,0,0,0,0,0,0,0,0,0,0,0,0,0,0,0,0,0,0,0,0,0,0,0,0,0,0
2016-10-26 10:50:42.631 UTC,125,0,0,0,0,0,3166672,1160,20259,560,0,0,0,0,0,0,0,0,0,0,0,0,0,5,5,0,2,1,9,0,0,0,0,0,0, ,0,0,0,0,0,0,0,0,0,0,4158,3,3488,0,0,0,0,0,0,37,0,0,0,0,0,0,0,0,0,0,0,0,0,0,0,0,0,0,0,0,0,0,0,0,0,0,0,0,0,1477410641686,3145728,0,0,0,0,0,0,0,0,0,0,0,3,0,0,0,0,0,1,0,0,0,0,0,0,0,0,0,0,0,0,0,0,0,0,0,0,153975184,7,0,0,0,0,0,0,0,0,0,0,0,0,0,0,0,0,0,0,0,0,0,0,0,0,0,0,0,0,0,0,0,0,0,0,0,0,0,0,0,0,0,0,0,0,0,0,0,0,0
2016-10-26 10:51:42.632 UTC,125,0,0,0,0,0,3166672,1160,20259,560,0,0,0,0,0,0,0,0,0,0,0,0,0,5,5,0,2,1,9,0,0,0,0,0,0, ,0,0,0,0,0,0,0,0,0,0,4158,3,3488,0,0,0,0,0,0,37,0,0,0,0,0,0,0,0,0,0,0,0,0,0,0,0,0,0,0,0,0,0,0,0,0,0,0,0,0,1477410641686,3145728,0,0,0,0,0,0,0,0,0,0,0,3,0,0,0,0,0,1,0,0,0,0,0,0,0,0,0,0,0,0,0,0,0,0,0,0,156775696,7,0,0,0,0,0,0,0,0,0,0,0,0,0,0,0,0,0,0,0,0,0,0,0,0,0,0,0,0,0,0,0,0,0,0,0,0,0,0,0,0,0,0,0,0,0,0,0,0,0
2016-10-26 10:52:42.632 UTC,125,0,0,0,0,0,3166672,1160,20259,560,0,0,0,0,0,0,0,0,0,0,0,0,0,5,5,0,2,1,9,0,0,0,0,0,0, ,0,0,0,0,0,0,0,0,0,0,4158,3,3488,0,0,0,0,0,0,37,0,0,0,0,0,0,0,0,0,0,0,0,0,0,0,0,0,0,0,0,0,0,0,0,0,0,0,0,0,1477410641686,3145728,0,0,0,0,0,0,0,0,0,0,0,3,0,0,0,0,0,1,0,0,0,0,0,0,0,0,0,0,0,0,0,0,0,0,0,0,156921440,8,0,0,0,0,0,0,0,0,0,0,0,0,0,0,0,0,0,0,0,0,0,0,0,0,0,0,0,0,0,0,0,0,0,0,0,0,0,0,0,0,0,0,0,0,0,0,0,0,0
2016-10-26 10:53:42.633 UTC,125,0,0,0,0,0,3166672,1160,20259,560,0,0,0,0,0,0,0,0,0,0,0,0,0,5,5,0,2,1,9,0,0,0,0,0,0, ,0,0,0,0,0,0,0,0,0,0,4158,3,3488,0,0,0,0,0,0,37,0,0,0,0,0,0,0,0,0,0,0,0,0,0,0,0,0,0,0,0,0,0,0,0,0,0,0,0,0,1477410641686,3145728,0,0,0,0,0,0,0,0,0,0,0,3,0,0,0,0,0,1,0,0,0,0,0,0,0,0,0,0,0,0,0,0,0,0,0,0,157376656,7,0,0,0,0,0,0,0,0,0,0,0,0,0,0,0,0,0,0,0,0,0,0,0,0,0,0,0,0,0,0,0,0,0,0,0,0,0,0,0,0,0,0,0,0,0,0,0,0,0
2016-10-26 10:54:42.634 UTC,125,0,0,0,0,0,3166672,1160,20259,560,0,0,0,0,0,0,0,0,0,0,0,0,0,5,5,0,2,1,9,0,0,0,0,0,0, ,0,0,0,0,0,0,0,0,0,0,4158,3,3488,0,0,0,0,0,0,37,0,0,0,0,0,0,0,0,0,0,0,0,0,0,0,0,0,0,0,0,0,0,0,0,0,0,0,0,0,1477410641686,3145728,0,0,0,0,0,0,0,0,0,0,0,3,0,0,0,0,0,1,0,0,0,0,0,0,0,0,0,0,0,0,0,0,0,0,0,0,157978960,7,0,0,0,0,0,0,0,0,0,0,0,0,0,0,0,0,0,0,0,0,0,0,0,0,0,0,0,0,0,0,0,0,0,0,0,0,0,0,0,0,0,0,0,0,0,0,0,0,0
2016-10-26 10:55:42.635 UTC,125,0,0,0,0,0,3166672,1160,20259,560,0,0,0,0,0,0,0,0,0,0,0,0,0,5,5,0,2,1,9,0,0,0,0,0,0, ,0,0,0,0,0,0,0,0,0,0,4158,3,3488,0,0,0,0,0,0,37,0,0,0,0,0,0,0,0,0,0,0,0,0,0,0,0,0,0,0,0,0,0,0,0,0,0,0,0,0,1477410641686,3145728,0,0,0,0,0,0,0,0,0,0,0,3,0,0,0,0,0,1,0,0,0,0,0,0,0,0,0,0,0,0,0,0,0,0,0,0,160870232,7,0,0,0,0,0,0,0,0,0,0,0,0,0,0,0,0,0,0,0,0,0,0,0,0,0,0,0,0,0,0,0,0,0,0,0,0,0,0,0,0,0,0,0,0,0,0,0,0,0
2016-10-26 10:56:42.635 UTC,125,0,0,0,0,0,3166672,1160,20259,560,0,0,0,0,0,0,0,0,0,0,0,0,0,5,5,0,2,1,9,0,0,0,0,0,0, ,0,0,0,0,0,0,0,0,0,0,4158,3,3488,0,0,0,0,0,0,37,0,0,0,0,0,0,0,0,0,0,0,0,0,0,0,0,0,0,0,0,0,0,0,0,0,0,0,0,0,1477410641686,3145728,0,0,0,0,0,0,0,0,0,0,0,3,0,0,0,0,0,1,0,0,0,0,0,0,0,0,0,0,0,0,0,0,0,0,0,0,160917384,7,0,0,0,0,0,0,0,0,0,0,0,0,0,0,0,0,0,0,0,0,0,0,0,0,0,0,0,0,0,0,0,0,0,0,0,0,0,0,0,0,0,0,0,0,0,0,0,0,0
2016-10-26 10:57:42.636 UTC,125,0,0,0,0,0,3166672,1160,20259,560,0,0,0,0,0,0,0,0,0,0,0,0,0,5,5,0,2,1,9,0,0,0,0,0,0, ,0,0,0,0,0,0,0,0,0,0,4158,3,3488,0,0,0,0,0,0,37,0,0,0,0,0,0,0,0,0,0,0,0,0,0,0,0,0,0,0,0,0,0,0,0,0,0,0,0,0,1477410641686,3145728,0,0,0,0,0,0,0,0,0,0,0,3,0,0,0,0,0,1,0,0,0,0,0,0,0,0,0,0,0,0,0,0,0,0,0,0,161434768,7,0,0,0,0,0,0,0,0,0,0,0,0,0,0,0,0,0,0,0,0,0,0,0,0,0,0,0,0,0,0,0,0,0,0,0,0,0,0,0,0,0,0,0,0,0,0,0,0,0
2016-10-26 10:58:42.637 UTC,125,0,0,0,0,0,3166672,1160,20259,560,0,0,0,0,0,0,0,0,0,0,0,0,0,5,5,0,2,1,9,0,0,0,0,0,0, ,0,0,0,0,0,0,0,0,0,0,4158,3,3488,0,0,0,0,0,0,37,0,0,0,0,0,0,0,0,0,0,0,0,0,0,0,0,0,0,0,0,0,0,0,0,0,0,0,0,0,1477410641686,3145728,0,0,0,0,0,0,0,0,0,0,0,3,0,0,0,0,0,1,0,0,0,0,0,0,0,0,0,0,0,0,0,0,0,0,0,0,164302800,7,0,0,0,0,0,0,0,0,0,0,0,0,0,0,0,0,0,0,0,0,0,0,0,0,0,0,0,0,0,0,0,0,0,0,0,0,0,0,0,0,0,0,0,0,0,0,0,0,0
2016-10-26 10:59:42.637 UTC,125,0,0,0,0,0,3166672,1160,20259,560,0,0,0,0,0,0,0,0,0,0,0,0,0,5,5,0,2,1,9,0,0,0,0,0,0, ,0,0,0,0,0,0,0,0,0,0,4158,3,3488,0,0,0,0,0,0,37,0,0,0,0,0,0,0,0,0,0,0,0,0,0,0,0,0,0,0,0,0,0,0,0,0,0,0,0,0,1477410641686,3145728,0,0,0,0,0,0,0,0,0,0,0,3,0,0,0,0,0,1,0,0,0,0,0,0,0,0,0,0,0,0,0,0,0,0,0,0,164750992,7,0,0,0,0,0,0,0,0,0,0,0,0,0,0,0,0,0,0,0,0,0,0,0,0,0,0,0,0,0,0,0,0,0,0,0,0,0,0,0,0,0,0,0,0,0,0,0,0,0
2016-10-26 11:00:42.638 UTC,125,0,0,0,0,0,3166672,1160,20259,560,0,0,0,0,0,0,0,0,0,0,0,0,0,5,5,0,2,1,9,0,0,0,0,0,0, ,0,0,0,0,0,0,0,0,0,0,4158,3,3488,0,0,0,0,0,0,37,0,0,0,0,0,0,0,0,0,0,0,0,0,0,0,0,0,0,0,0,0,0,0,0,0,0,0,0,0,1477410641686,3145728,0,0,0,0,0,0,0,0,0,0,0,3,0,0,0,0,0,1,0,0,0,0,0,0,0,0,0,0,0,0,0,0,0,0,0,0,164896720,7,0,0,0,0,0,0,0,0,0,0,0,0,0,0,0,0,0,0,0,0,0,0,0,0,0,0,0,0,0,0,0,0,0,0,0,0,0,0,0,0,0,0,0,0,0,0,0,0,0
2016-10-26 11:01:42.639 UTC,125,0,0,0,0,0,3166672,1160,20259,560,0,0,0,0,0,0,0,0,0,0,0,0,0,5,5,0,2,1,9,0,0,0,0,0,0, ,0,0,0,0,0,0,0,0,0,0,4158,3,3488,0,0,0,0,0,0,37,0,0,0,0,0,0,0,0,0,0,0,0,0,0,0,0,0,0,0,0,0,0,0,0,0,0,0,0,0,1477410641686,3145728,0,0,0,0,0,0,0,0,0,0,0,3,0,0,0,0,0,1,0,0,0,0,0,0,0,0,0,0,0,0,0,0,0,0,0,0,165824144,7,0,0,0,0,0,0,0,0,0,0,0,0,0,0,0,0,0,0,0,0,0,0,0,0,0,0,0,0,0,0,0,0,0,0,0,0,0,0,0,0,0,0,0,0,0,0,0,0,0
2016-10-26 11:02:42.639 UTC,125,0,0,0,0,0,3166672,1160,20259,560,0,0,0,0,0,0,0,0,0,0,0,0,0,5,5,0,2,1,9,0,0,0,0,0,0, ,0,0,0,0,0,0,0,0,0,0,4158,3,3488,0,0,0,0,0,0,37,0,0,0,0,0,0,0,0,0,0,0,0,0,0,0,0,0,0,0,0,0,0,0,0,0,0,0,0,0,1477410641686,3145728,0,0,0,0,0,0,0,0,0,0,0,3,0,0,0,0,0,1,0,0,0,0,0,0,0,0,0,0,0,0,0,0,0,0,0,0,168297920,7,0,0,0,0,0,0,0,0,0,0,0,0,0,0,0,0,0,0,0,0,0,0,0,0,0,0,0,0,0,0,0,0,0,0,0,0,0,0,0,0,0,0,0,0,0,0,0,0,0
2016-10-26 11:03:42.640 UTC,125,0,0,0,0,0,3166672,1160,20259,560,0,0,0,0,0,0,0,0,0,0,0,0,0,5,5,0,2,1,9,0,0,0,0,0,0, ,0,0,0,0,0,0,0,0,0,0,4158,3,3488,0,0,0,0,0,0,37,0,0,0,0,0,0,0,0,0,0,0,0,0,0,0,0,0,0,0,0,0,0,0,0,0,0,0,0,0,1477410641686,3145728,0,0,0,0,0,0,0,0,0,0,0,3,0,0,0,0,0,1,0,0,0,0,0,0,0,0,0,0,0,0,0,0,0,0,0,0,168860704,7,0,0,0,0,0,0,0,0,0,0,0,0,0,0,0,0,0,0,0,0,0,0,0,0,0,0,0,0,0,0,0,0,0,0,0,0,0,0,0,0,0,0,0,0,0,0,0,0,0
2016-10-26 11:04:42.641 UTC,125,0,0,0,0,0,3166672,1160,20259,560,0,0,0,0,0,0,0,0,0,0,0,0,0,5,5,0,2,1,9,0,0,0,0,0,0, ,0,0,0,0,0,0,0,0,0,0,4158,3,3488,0,0,0,0,0,0,37,0,0,0,0,0,0,0,0,0,0,0,0,0,0,0,0,0,0,0,0,0,0,0,0,0,0,0,0,0,1477410641686,3145728,0,0,0,0,0,0,0,0,0,0,0,3,0,0,0,0,0,1,0,0,0,0,0,0,0,0,0,0,0,0,0,0,0,0,0,0,169241064,7,0,0,0,0,0,0,0,0,0,0,0,0,0,0,0,0,0,0,0,0,0,0,0,0,0,0,0,0,0,0,0,0,0,0,0,0,0,0,0,0,0,0,0,0,0,0,0,0,0
2016-10-26 11:05:42.642 UTC,125,0,0,0,0,0,3166672,1160,20259,560,0,0,0,0,0,0,0,0,0,0,0,0,0,5,5,0,2,1,9,0,0,0,0,0,0, ,0,0,0,0,0,0,0,0,0,0,4158,3,3488,0,0,0,0,0,0,37,0,0,0,0,0,0,0,0,0,0,0,0,0,0,0,0,0,0,0,0,0,0,0,0,0,0,0,0,0,1477410641686,3145728,0,0,0,0,0,0,0,0,0,0,0,3,0,0,0,0,0,1,0,0,0,0,0,0,0,0,0,0,0,0,0,0,0,0,0,0,169811920,7,0,0,0,0,0,0,0,0,0,0,0,0,0,0,0,0,0,0,0,0,0,0,0,0,0,0,0,0,0,0,0,0,0,0,0,0,0,0,0,0,0,0,0,0,0,0,0,0,0
2016-10-26 11:06:42.642 UTC,125,0,0,0,0,0,3166672,1160,20259,560,0,0,0,0,0,0,0,0,0,0,0,0,0,5,5,0,2,1,9,0,0,0,0,0,0, ,0,0,0,0,0,0,0,0,0,0,4158,3,3488,0,0,0,0,0,0,37,0,0,0,0,0,0,0,0,0,0,0,0,0,0,0,0,0,0,0,0,0,0,0,0,0,0,0,0,0,1477410641686,3145728,0,0,0,0,0,0,0,0,0,0,0,3,0,0,0,0,0,1,0,0,0,0,0,0,0,0,0,0,0,0,0,0,0,0,0,0,172635608,7,0,0,0,0,0,0,0,0,0,0,0,0,0,0,0,0,0,0,0,0,0,0,0,0,0,0,0,0,0,0,0,0,0,0,0,0,0,0,0,0,0,0,0,0,0,0,0,0,0
2016-10-26 11:07:42.643 UTC,125,0,0,0,0,0,3166672,1160,20259,560,0,0,0,0,0,0,0,0,0,0,0,0,0,5,5,0,2,1,9,0,0,0,0,0,0, ,0,0,0,0,0,0,0,0,0,0,4158,3,3488,0,0,0,0,0,0,37,0,0,0,0,0,0,0,0,0,0,0,0,0,0,0,0,0,0,0,0,0,0,0,0,0,0,0,0,0,1477410641686,3145728,0,0,0,0,0,0,0,0,0,0,0,3,0,0,0,0,0,1,0,0,0,0,0,0,0,0,0,0,0,0,0,0,0,0,0,0,172781352,7,0,0,0,0,0,0,0,0,0,0,0,0,0,0,0,0,0,0,0,0,0,0,0,0,0,0,0,0,0,0,0,0,0,0,0,0,0,0,0,0,0,0,0,0,0,0,0,0,0
2016-10-26 11:08:42.644 UTC,125,0,0,0,0,0,3166672,1160,20259,560,0,0,0,0,0,0,0,0,0,0,0,0,0,5,5,0,2,1,9,0,0,0,0,0,0, ,0,0,0,0,0,0,0,0,0,0,4158,3,3488,0,0,0,0,0,0,37,0,0,0,0,0,0,0,0,0,0,0,0,0,0,0,0,0,0,0,0,0,0,0,0,0,0,0,0,0,1477410641686,3145728,0,0,0,0,0,0,0,0,0,0,0,3,0,0,0,0,0,1,0,0,0,0,0,0,0,0,0,0,0,0,0,0,0,0,0,0,173236584,7,0,0,0,0,0,0,0,0,0,0,0,0,0,0,0,0,0,0,0,0,0,0,0,0,0,0,0,0,0,0,0,0,0,0,0,0,0,0,0,0,0,0,0,0,0,0,0,0,0
2016-10-26 11:09:42.644 UTC,125,0,0,0,0,0,3166672,1160,20259,560,0,0,0,0,0,0,0,0,0,0,0,0,0,5,5,0,2,1,9,0,0,0,0,0,0, ,0,0,0,0,0,0,0,0,0,0,4158,3,3488,0,0,0,0,0,0,37,0,0,0,0,0,0,0,0,0,0,0,0,0,0,0,0,0,0,0,0,0,0,0,0,0,0,0,0,0,1477410641686,3145728,0,0,0,0,0,0,0,0,0,0,0,3,0,0,0,0,0,1,0,0,0,0,0,0,0,0,0,0,0,0,0,0,0,0,0,0,176249704,7,0,0,0,0,0,0,0,0,0,0,0,0,0,0,0,0,0,0,0,0,0,0,0,0,0,0,0,0,0,0,0,0,0,0,0,0,0,0,0,0,0,0,0,0,0,0,0,0,0
2016-10-26 11:10:42.645 UTC,125,0,0,0,0,0,3166672,1160,20259,560,0,0,0,0,0,0,0,0,0,0,0,0,0,5,5,0,2,1,9,0,0,0,0,0,0, ,0,0,0,0,0,0,0,0,0,0,4158,3,3488,0,0,0,0,0,0,37,0,0,0,0,0,0,0,0,0,0,0,0,0,0,0,0,0,0,0,0,0,0,0,0,0,0,0,0,0,1477410641686,3145728,0,0,0,0,0,0,0,0,0,0,0,3,0,0,0,0,0,1,0,0,0,0,0,0,0,0,0,0,0,0,0,0,0,0,0,0,176615008,7,0,0,0,0,0,0,0,0,0,0,0,0,0,0,0,0,0,0,0,0,0,0,0,0,0,0,0,0,0,0,0,0,0,0,0,0,0,0,0,0,0,0,0,0,0,0,0,0,0
2016-10-26 11:11:42.646 UTC,125,0,0,0,0,0,3166672,1160,20259,560,0,0,0,0,0,0,0,0,0,0,0,0,0,5,5,0,2,1,9,0,0,0,0,0,0, ,0,0,0,0,0,0,0,0,0,0,4158,3,3488,0,0,0,0,0,0,37,0,0,0,0,0,0,0,0,0,0,0,0,0,0,0,0,0,0,0,0,0,0,0,0,0,0,0,0,0,1477410641686,3145728,0,0,0,0,0,0,0,0,0,0,0,3,0,0,0,0,0,1,0,0,0,0,0,0,0,0,0,0,0,0,0,0,0,0,0,0,176776624,7,0,0,0,0,0,0,0,0,0,0,0,0,0,0,0,0,0,0,0,0,0,0,0,0,0,0,0,0,0,0,0,0,0,0,0,0,0,0,0,0,0,0,0,0,0,0,0,0,0
2016-10-26 11:12:42.647 UTC,125,0,0,0,0,0,3166672,1160,20259,560,0,0,0,0,0,0,0,0,0,0,0,0,0,5,5,0,2,1,9,0,0,0,0,0,0, ,0,0,0,0,0,0,0,0,0,0,4158,3,3488,0,0,0,0,0,0,37,0,0,0,0,0,0,0,0,0,0,0,0,0,0,0,0,0,0,0,0,0,0,0,0,0,0,0,0,0,1477410641686,3145728,0,0,0,0,0,0,0,0,0,0,0,3,0,0,0,0,0,1,0,0,0,0,0,0,0,0,0,0,0,0,0,0,0,0,0,0,177595184,7,0,0,0,0,0,0,0,0,0,0,0,0,0,0,0,0,0,0,0,0,0,0,0,0,0,0,0,0,0,0,0,0,0,0,0,0,0,0,0,0,0,0,0,0,0,0,0,0,0
2016-10-26 11:13:42.647 UTC,125,0,0,0,0,0,3166672,1160,20259,560,0,0,0,0,0,0,0,0,0,0,0,0,0,5,5,0,2,1,9,0,0,0,0,0,0, ,0,0,0,0,0,0,0,0,0,0,4158,3,3488,0,0,0,0,0,0,37,0,0,0,0,0,0,0,0,0,0,0,0,0,0,0,0,0,0,0,0,0,0,0,0,0,0,0,0,0,1477410641686,3145728,0,0,0,0,0,0,0,0,0,0,0,3,0,0,0,0,0,1,0,0,0,0,0,0,0,0,0,0,0,0,0,0,0,0,0,0,180130864,7,0,0,0,0,0,0,0,0,0,0,0,0,0,0,0,0,0,0,0,0,0,0,0,0,0,0,0,0,0,0,0,0,0,0,0,0,0,0,0,0,0,0,0,0,0,0,0,0,0
2016-10-26 11:14:42.648 UTC,125,0,0,0,0,0,3166672,1160,20259,560,0,0,0,0,0,0,0,0,0,0,0,0,0,5,5,0,2,1,9,0,0,0,0,0,0, ,0,0,0,0,0,0,0,0,0,0,4158,3,3488,0,0,0,0,0,0,37,0,0,0,0,0,0,0,0,0,0,0,0,0,0,0,0,0,0,0,0,0,0,0,0,0,0,0,0,0,1477410641686,3145728,0,0,0,0,0,0,0,0,0,0,0,3,0,0,0,0,0,1,0,0,0,0,0,0,0,0,0,0,0,0,0,0,0,0,0,0,180724864,7,0,0,0,0,0,0,0,0,0,0,0,0,0,0,0,0,0,0,0,0,0,0,0,0,0,0,0,0,0,0,0,0,0,0,0,0,0,0,0,0,0,0,0,0,0,0,0,0,0
2016-10-26 11:15:42.649 UTC,125,0,0,0,0,0,3166672,1160,20259,560,0,0,0,0,0,0,0,0,0,0,0,0,0,5,5,0,2,1,9,0,0,0,0,0,0, ,0,0,0,0,0,0,0,0,0,0,4158,3,3488,0,0,0,0,0,0,37,0,0,0,0,0,0,0,0,0,0,0,0,0,0,0,0,0,0,0,0,0,0,0,0,0,0,0,0,0,1477410641686,3145728,0,0,0,0,0,0,0,0,0,0,0,3,0,0,0,0,0,1,0,0,0,0,0,0,0,0,0,0,0,0,0,0,0,0,0,0,180756256,7,0,0,0,0,0,0,0,0,0,0,0,0,0,0,0,0,0,0,0,0,0,0,0,0,0,0,0,0,0,0,0,0,0,0,0,0,0,0,0,0,0,0,0,0,0,0,0,0,0
2016-10-26 11:16:42.649 UTC,125,0,0,0,0,0,3166672,1160,20259,560,0,0,0,0,0,0,0,0,0,0,0,0,0,5,5,0,2,1,9,0,0,0,0,0,0, ,0,0,0,0,0,0,0,0,0,0,4158,3,3488,0,0,0,0,0,0,37,0,0,0,0,0,0,0,0,0,0,0,0,0,0,0,0,0,0,0,0,0,0,0,0,0,0,0,0,0,1477410641686,3145728,0,0,0,0,0,0,0,0,0,0,0,3,0,0,0,0,0,1,0,0,0,0,0,0,0,0,0,0,0,0,0,0,0,0,0,0,181652808,7,0,0,0,0,0,0,0,0,0,0,0,0,0,0,0,0,0,0,0,0,0,0,0,0,0,0,0,0,0,0,0,0,0,0,0,0,0,0,0,0,0,0,0,0,0,0,0,0,0
2016-10-26 11:17:42.650 UTC,125,0,0,0,0,0,3166672,1160,20259,560,0,0,0,0,0,0,0,0,0,0,0,0,0,5,5,0,2,1,9,0,0,0,0,0,0, ,0,0,0,0,0,0,0,0,0,0,4158,3,3488,0,0,0,0,0,0,37,0,0,0,0,0,0,0,0,0,0,0,0,0,0,0,0,0,0,0,0,0,0,0,0,0,0,0,0,0,1477410641686,3145728,0,0,0,0,0,0,0,0,0,0,0,3,0,0,0,0,0,1,0,0,0,0,0,0,0,0,0,0,0,0,0,0,0,0,0,0,184491696,7,0,0,0,0,0,0,0,0,0,0,0,0,0,0,0,0,0,0,0,0,0,0,0,0,0,0,0,0,0,0,0,0,0,0,0,0,0,0,0,0,0,0,0,0,0,0,0,0,0
2016-10-26 11:18:42.651 UTC,125,0,0,0,0,0,3166672,1160,20259,560,0,0,0,0,0,0,0,0,0,0,0,0,0,5,5,0,2,1,9,0,0,0,0,0,0, ,0,0,0,0,0,0,0,0,0,0,4158,3,3488,0,0,0,0,0,0,37,0,0,0,0,0,0,0,0,0,0,0,0,0,0,0,0,0,0,0,0,0,0,0,0,0,0,0,0,0,1477410641686,3145728,0,0,0,0,0,0,0,0,0,0,0,3,0,0,0,0,0,1,0,0,0,0,0,0,0,0,0,0,0,0,0,0,0,0,0,0,184606128,7,0,0,0,0,0,0,0,0,0,0,0,0,0,0,0,0,0,0,0,0,0,0,0,0,0,0,0,0,0,0,0,0,0,0,0,0,0,0,0,0,0,0,0,0,0,0,0,0,0
2016-10-26 11:19:42.651 UTC,125,0,0,0,0,0,3166672,1160,20259,560,0,0,0,0,0,0,0,0,0,0,0,0,0,5,5,0,2,1,9,0,0,0,0,0,0, ,0,0,0,0,0,0,0,0,0,0,4158,3,3488,0,0,0,0,0,0,37,0,0,0,0,0,0,0,0,0,0,0,0,0,0,0,0,0,0,0,0,0,0,0,0,0,0,0,0,0,1477410641686,3145728,0,0,0,0,0,0,0,0,0,0,0,3,0,0,0,0,0,1,0,0,0,0,0,0,0,0,0,0,0,0,0,0,0,0,0,0,184751872,7,0,0,0,0,0,0,0,0,0,0,0,0,0,0,0,0,0,0,0,0,0,0,0,0,0,0,0,0,0,0,0,0,0,0,0,0,0,0,0,0,0,0,0,0,0,0,0,0,0
2016-10-26 11:20:42.652 UTC,125,0,0,0,0,0,3166672,1160,20259,560,0,0,0,0,0,0,0,0,0,0,0,0,0,5,5,0,2,1,9,0,0,0,0,0,0, ,0,0,0,0,0,0,0,0,0,0,4158,3,3488,0,0,0,0,0,0,37,0,0,0,0,0,0,0,0,0,0,0,0,0,0,0,0,0,0,0,0,0,0,0,0,0,0,0,0,0,1477410641686,3145728,0,0,0,0,0,0,0,0,0,0,0,3,0,0,0,0,0,1,0,0,0,0,0,0,0,0,0,0,0,0,0,0,0,0,0,0,188007728,7,0,0,0,0,0,0,0,0,0,0,0,0,0,0,0,0,0,0,0,0,0,0,0,0,0,0,0,0,0,0,0,0,0,0,0,0,0,0,0,0,0,0,0,0,0,0,0,0,0
2016-10-26 11:21:42.653 UTC,125,0,0,0,0,0,3166672,1160,20259,560,0,0,0,0,0,0,0,0,0,0,0,0,0,5,5,0,2,1,9,0,0,0,0,0,0, ,0,0,0,0,0,0,0,0,0,0,4158,3,3488,0,0,0,0,0,0,37,0,0,0,0,0,0,0,0,0,0,0,0,0,0,0,0,0,0,0,0,0,0,0,0,0,0,0,0,0,1477410641686,3145728,0,0,0,0,0,0,0,0,0,0,0,3,0,0,0,0,0,1,0,0,0,0,0,0,0,0,0,0,0,0,0,0,0,0,0,0,188503136,7,0,0,0,0,0,0,0,0,0,0,0,0,0,0,0,0,0,0,0,0,0,0,0,0,0,0,0,0,0,0,0,0,0,0,0,0,0,0,0,0,0,0,0,0,0,0,0,0,0
2016-10-26 11:22:42.654 UTC,125,0,0,0,0,0,3166672,1160,20259,560,0,0,0,0,0,0,0,0,0,0,0,0,0,5,5,0,2,1,9,0,0,0,0,0,0, ,0,0,0,0,0,0,0,0,0,0,4158,3,3488,0,0,0,0,0,0,37,0,0,0,0,0,0,0,0,0,0,0,0,0,0,0,0,0,0,0,0,0,0,0,0,0,0,0,0,0,1477410641686,3145728,0,0,0,0,0,0,0,0,0,0,0,3,0,0,0,0,0,1,0,0,0,0,0,0,0,0,0,0,0,0,0,0,0,0,0,0,188731920,7,0,0,0,0,0,0,0,0,0,0,0,0,0,0,0,0,0,0,0,0,0,0,0,0,0,0,0,0,0,0,0,0,0,0,0,0,0,0,0,0,0,0,0,0,0,0,0,0,0
2016-10-26 11:23:42.654 UTC,125,0,0,0,0,0,3166672,1160,20259,560,0,0,0,0,0,0,0,0,0,0,0,0,0,5,5,0,2,1,9,0,0,0,0,0,0, ,0,0,0,0,0,0,0,0,0,0,4158,3,3488,0,0,0,0,0,0,37,0,0,0,0,0,0,0,0,0,0,0,0,0,0,0,0,0,0,0,0,0,0,0,0,0,0,0,0,0,1477410641686,3145728,0,0,0,0,0,0,0,0,0,0,0,3,0,0,0,0,0,1,0,0,0,0,0,0,0,0,0,0,0,0,0,0,0,0,0,0,189581800,8,0,0,0,0,0,0,0,0,0,0,0,0,0,0,0,0,0,0,0,0,0,0,0,0,0,0,0,0,0,0,0,0,0,0,0,0,0,0,0,0,0,0,0,0,0,0,0,0,0
2016-10-26 11:24:42.655 UTC,125,0,0,0,0,0,3166672,1160,20259,560,0,0,0,0,0,0,0,0,0,0,0,0,0,5,5,0,2,1,9,0,0,0,0,0,0, ,0,0,0,0,0,0,0,0,0,0,4158,3,3488,0,0,0,0,0,0,37,0,0,0,0,0,0,0,0,0,0,0,0,0,0,0,0,0,0,0,0,0,0,0,0,0,0,0,0,0,1477410641686,3145728,0,0,0,0,0,0,0,0,0,0,0,3,0,0,0,0,0,1,0,0,0,0,0,0,0,0,0,0,0,0,0,0,0,0,0,0,192002888,8,0,0,0,0,0,0,0,0,0,0,0,0,0,0,0,0,0,0,0,0,0,0,0,0,0,0,0,0,0,0,0,0,0,0,0,0,0,0,0,0,0,0,0,0,0,0,0,0,0
2016-10-26 11:25:42.656 UTC,125,0,0,0,0,0,3166672,1160,20259,560,0,0,0,0,0,0,0,0,0,0,0,0,0,5,5,0,2,1,9,0,0,0,0,0,0, ,0,0,0,0,0,0,0,0,0,0,4158,3,3488,0,0,0,0,0,0,37,0,0,0,0,0,0,0,0,0,0,0,0,0,0,0,0,0,0,0,0,0,0,0,0,0,0,0,0,0,1477410641686,3145728,0,0,0,0,0,0,0,0,0,0,0,3,0,0,0,0,0,1,0,0,0,0,0,0,0,0,0,0,0,0,0,0,0,0,0,0,192482576,7,0,0,0,0,0,0,0,0,0,0,0,0,0,0,0,0,0,0,0,0,0,0,0,0,0,0,0,0,0,0,0,0,0,0,0,0,0,0,0,0,0,0,0,0,0,0,0,0,0
2016-10-26 11:26:42.657 UTC,125,0,0,0,0,0,3166672,1160,20259,560,0,0,0,0,0,0,0,0,0,0,0,0,0,5,5,0,2,1,9,0,0,0,0,0,0, ,0,0,0,0,0,0,0,0,0,0,4158,3,3488,0,0,0,0,0,0,37,0,0,0,0,0,0,0,0,0,0,0,0,0,0,0,0,0,0,0,0,0,0,0,0,0,0,0,0,0,1477410641686,3145728,0,0,0,0,0,0,0,0,0,0,0,3,0,0,0,0,0,1,0,0,0,0,0,0,0,0,0,0,0,0,0,0,0,0,0,0,192628320,7,0,0,0,0,0,0,0,0,0,0,0,0,0,0,0,0,0,0,0,0,0,0,0,0,0,0,0,0,0,0,0,0,0,0,0,0,0,0,0,0,0,0,0,0,0,0,0,0,0
2016-10-26 11:27:42.657 UTC,125,0,0,0,0,0,3166672,1160,20259,560,0,0,0,0,0,0,0,0,0,0,0,0,0,5,5,0,2,1,9,0,0,0,0,0,0, ,0,0,0,0,0,0,0,0,0,0,4158,3,3488,0,0,0,0,0,0,37,0,0,0,0,0,0,0,0,0,0,0,0,0,0,0,0,0,0,0,0,0,0,0,0,0,0,0,0,0,1477410641686,3145728,0,0,0,0,0,0,0,0,0,0,0,3,0,0,0,0,0,1,0,0,0,0,0,0,0,0,0,0,0,0,0,0,0,0,0,0,193577208,7,0,0,0,0,0,0,0,0,0,0,0,0,0,0,0,0,0,0,0,0,0,0,0,0,0,0,0,0,0,0,0,0,0,0,0,0,0,0,0,0,0,0,0,0,0,0,0,0,0
2016-10-26 11:28:42.658 UTC,125,0,0,0,0,0,3166672,1160,20259,560,0,0,0,0,0,0,0,0,0,0,0,0,0,5,5,0,2,1,9,0,0,0,0,0,0, ,0,0,0,0,0,0,0,0,0,0,4158,3,3488,0,0,0,0,0,0,37,0,0,0,0,0,0,0,0,0,0,0,0,0,0,0,0,0,0,0,0,0,0,0,0,0,0,0,0,0,1477410641686,3145728,0,0,0,0,0,0,0,0,0,0,0,3,0,0,0,0,0,1,0,0,0,0,0,0,0,0,0,0,0,0,0,0,0,0,0,0,196446416,7,0,0,0,0,0,0,0,0,0,0,0,0,0,0,0,0,0,0,0,0,0,0,0,0,0,0,0,0,0,0,0,0,0,0,0,0,0,0,0,0,0,0,0,0,0,0,0,0,0
2016-10-26 11:29:42.659 UTC,125,0,0,0,0,0,3166672,1160,20259,560,0,0,0,0,0,0,0,0,0,0,0,0,0,5,5,0,2,1,9,0,0,0,0,0,0, ,0,0,0,0,0,0,0,0,0,0,4158,3,3488,0,0,0,0,0,0,37,0,0,0,0,0,0,0,0,0,0,0,0,0,0,0,0,0,0,0,0,0,0,0,0,0,0,0,0,0,1477410641686,3145728,0,0,0,0,0,0,0,0,0,0,0,3,0,0,0,0,0,1,0,0,0,0,0,0,0,0,0,0,0,0,0,0,0,0,0,0,196706648,7,0,0,0,0,0,0,0,0,0,0,0,0,0,0,0,0,0,0,0,0,0,0,0,0,0,0,0,0,0,0,0,0,0,0,0,0,0,0,0,0,0,0,0,0,0,0,0,0,0
2016-10-26 11:30:42.659 UTC,125,0,0,0,0,0,3166672,1160,20259,560,0,0,0,0,0,0,0,0,0,0,0,0,0,5,5,0,2,1,9,0,0,0,0,0,0, ,0,0,0,0,0,0,0,0,0,0,4158,3,3488,0,0,0,0,0,0,37,0,0,0,0,0,0,0,0,0,0,0,0,0,0,0,0,0,0,0,0,0,0,0,0,0,0,0,0,0,1477410641686,3145728,0,0,0,0,0,0,0,0,0,0,0,3,0,0,0,0,0,1,0,0,0,0,0,0,0,0,0,0,0,0,0,0,0,0,0,0,196738040,7,0,0,0,0,0,0,0,0,0,0,0,0,0,0,0,0,0,0,0,0,0,0,0,0,0,0,0,0,0,0,0,0,0,0,0,0,0,0,0,0,0,0,0,0,0,0,0,0,0
2016-10-26 11:31:42.660 UTC,125,0,0,0,0,0,3166672,1160,20259,560,0,0,0,0,0,0,0,0,0,0,0,0,0,5,5,0,2,1,9,0,0,0,0,0,0, ,0,0,0,0,0,0,0,0,0,0,4158,3,3488,0,0,0,0,0,0,37,0,0,0,0,0,0,0,0,0,0,0,0,0,0,0,0,0,0,0,0,0,0,0,0,0,0,0,0,0,1477410641686,3145728,0,0,0,0,0,0,0,0,0,0,0,3,0,0,0,0,0,1,0,0,0,0,0,0,0,0,0,0,0,0,0,0,0,0,0,0,199112416,7,0,0,0,0,0,0,0,0,0,0,0,0,0,0,0,0,0,0,0,0,0,0,0,0,0,0,0,0,0,0,0,0,0,0,0,0,0,0,0,0,0,0,0,0,0,0,0,0,0
2016-10-26 11:32:42.661 UTC,125,0,0,0,0,0,3166672,1160,20259,560,0,0,0,0,0,0,0,0,0,0,0,0,0,5,5,0,2,1,9,0,0,0,0,0,0, ,0,0,0,0,0,0,0,0,0,0,4158,3,3488,0,0,0,0,0,0,37,0,0,0,0,0,0,0,0,0,0,0,0,0,0,0,0,0,0,0,0,0,0,0,0,0,0,0,0,0,1477410641686,3145728,0,0,0,0,0,0,0,0,0,0,0,3,0,0,0,0,0,1,0,0,0,0,0,0,0,0,0,0,0,0,0,0,0,0,0,0,200366920,7,0,0,0,0,0,0,0,0,0,0,0,0,0,0,0,0,0,0,0,0,0,0,0,0,0,0,0,0,0,0,0,0,0,0,0,0,0,0,0,0,0,0,0,0,0,0,0,0,0
2016-10-26 11:33:42.661 UTC,125,0,0,0,0,0,3166672,1160,20259,560,0,0,0,0,0,0,0,0,0,0,0,0,0,5,5,0,2,1,9,0,0,0,0,0,0, ,0,0,0,0,0,0,0,0,0,0,4158,3,3488,0,0,0,0,0,0,37,0,0,0,0,0,0,0,0,0,0,0,0,0,0,0,0,0,0,0,0,0,0,0,0,0,0,0,0,0,1477410641686,3145728,0,0,0,0,0,0,0,0,0,0,0,3,0,0,0,0,0,1,0,0,0,0,0,0,0,0,0,0,0,0,0,0,0,0,0,0,200481352,7,0,0,0,0,0,0,0,0,0,0,0,0,0,0,0,0,0,0,0,0,0,0,0,0,0,0,0,0,0,0,0,0,0,0,0,0,0,0,0,0,0,0,0,0,0,0,0,0,0
2016-10-26 11:34:42.662 UTC,125,0,0,0,0,0,3166672,1160,20259,560,0,0,0,0,0,0,0,0,0,0,0,0,0,5,5,0,2,1,9,0,0,0,0,0,0, ,0,0,0,0,0,0,0,0,0,0,4158,3,3488,0,0,0,0,0,0,37,0,0,0,0,0,0,0,0,0,0,0,0,0,0,0,0,0,0,0,0,0,0,0,0,0,0,0,0,0,1477410641686,3145728,0,0,0,0,0,0,0,0,0,0,0,3,0,0,0,0,0,1,0,0,0,0,0,0,0,0,0,0,0,0,0,0,0,0,0,0,200959184,7,0,0,0,0,0,0,0,0,0,0,0,0,0,0,0,0,0,0,0,0,0,0,0,0,0,0,0,0,0,0,0,0,0,0,0,0,0,0,0,0,0,0,0,0,0,0,0,0,0
2016-10-26 11:35:42.663 UTC,125,0,0,0,0,0,3166672,1160,20259,560,0,0,0,0,0,0,0,0,0,0,0,0,0,5,5,0,2,1,9,0,0,0,0,0,0, ,0,0,0,0,0,0,0,0,0,0,4158,3,3488,0,0,0,0,0,0,37,0,0,0,0,0,0,0,0,0,0,0,0,0,0,0,0,0,0,0,0,0,0,0,0,0,0,0,0,0,1477410641686,3145728,0,0,0,0,0,0,0,0,0,0,0,3,0,0,0,0,0,1,0,0,0,0,0,0,0,0,0,0,0,0,0,0,0,0,0,0,203836072,7,0,0,0,0,0,0,0,0,0,0,0,0,0,0,0,0,0,0,0,0,0,0,0,0,0,0,0,0,0,0,0,0,0,0,0,0,0,0,0,0,0,0,0,0,0,0,0,0,0
2016-10-26 11:36:42.663 UTC,125,0,0,0,0,0,3166672,1160,20259,560,0,0,0,0,0,0,0,0,0,0,0,0,0,5,5,0,2,1,9,0,0,0,0,0,0, ,0,0,0,0,0,0,0,0,0,0,4158,3,3488,0,0,0,0,0,0,37,0,0,0,0,0,0,0,0,0,0,0,0,0,0,0,0,0,0,0,0,0,0,0,0,0,0,0,0,0,1477410641686,3145728,0,0,0,0,0,0,0,0,0,0,0,3,0,0,0,0,0,1,0,0,0,0,0,0,0,0,0,0,0,0,0,0,0,0,0,0,204346592,7,0,0,0,0,0,0,0,0,0,0,0,0,0,0,0,0,0,0,0,0,0,0,0,0,0,0,0,0,0,0,0,0,0,0,0,0,0,0,0,0,0,0,0,0,0,0,0,0,0
2016-10-26 11:37:42.664 UTC,125,0,0,0,0,0,3166672,1160,20259,560,0,0,0,0,0,0,0,0,0,0,0,0,0,5,5,0,2,1,9,0,0,0,0,0,0, ,0,0,0,0,0,0,0,0,0,0,4158,3,3488,0,0,0,0,0,0,37,0,0,0,0,0,0,0,0,0,0,0,0,0,0,0,0,0,0,0,0,0,0,0,0,0,0,0,0,0,1477410641686,3145728,0,0,0,0,0,0,0,0,0,0,0,3,0,0,0,0,0,1,0,0,0,0,0,0,0,0,0,0,0,0,0,0,0,0,0,0,204476896,7,0,0,0,0,0,0,0,0,0,0,0,0,0,0,0,0,0,0,0,0,0,0,0,0,0,0,0,0,0,0,0,0,0,0,0,0,0,0,0,0,0,0,0,0,0,0,0,0,0
2016-10-26 11:38:42.665 UTC,125,0,0,0,0,0,3166672,1160,20259,560,0,0,0,0,0,0,0,0,0,0,0,0,0,5,5,0,2,1,9,0,0,0,0,0,0, ,0,0,0,0,0,0,0,0,0,0,4158,3,3488,0,0,0,0,0,0,37,0,0,0,0,0,0,0,0,0,0,0,0,0,0,0,0,0,0,0,0,0,0,0,0,0,0,0,0,0,1477410641686,3145728,0,0,0,0,0,0,0,0,0,0,0,3,0,0,0,0,0,1,0,0,0,0,0,0,0,0,0,0,0,0,0,0,0,0,0,0,205636432,7,0,0,0,0,0,0,0,0,0,0,0,0,0,0,0,0,0,0,0,0,0,0,0,0,0,0,0,0,0,0,0,0,0,0,0,0,0,0,0,0,0,0,0,0,0,0,0,0,0
2016-10-26 11:39:42.666 UTC,125,0,0,0,0,0,3166672,1160,20259,560,0,0,0,0,0,0,0,0,0,0,0,0,0,5,5,0,2,1,9,0,0,0,0,0,0, ,0,0,0,0,0,0,0,0,0,0,4158,3,3488,0,0,0,0,0,0,37,0,0,0,0,0,0,0,0,0,0,0,0,0,0,0,0,0,0,0,0,0,0,0,0,0,0,0,0,0,1477410641686,3145728,0,0,0,0,0,0,0,0,0,0,0,3,0,0,0,0,0,1,0,0,0,0,0,0,0,0,0,0,0,0,0,0,0,0,0,0,208327472,7,0,0,0,0,0,0,0,0,0,0,0,0,0,0,0,0,0,0,0,0,0,0,0,0,0,0,0,0,0,0,0,0,0,0,0,0,0,0,0,0,0,0,0,0,0,0,0,0,0
2016-10-26 11:40:42.666 UTC,125,0,0,0,0,0,3166672,1160,20259,560,0,0,0,0,0,0,0,0,0,0,0,0,0,5,5,0,2,1,9,0,0,0,0,0,0, ,0,0,0,0,0,0,0,0,0,0,4158,3,3488,0,0,0,0,0,0,37,0,0,0,0,0,0,0,0,0,0,0,0,0,0,0,0,0,0,0,0,0,0,0,0,0,0,0,0,0,1477410641686,3145728,0,0,0,0,0,0,0,0,0,0,0,3,0,0,0,0,0,1,0,0,0,0,0,0,0,0,0,0,0,0,0,0,0,0,0,0,208359000,7,0,0,0,0,0,0,0,0,0,0,0,0,0,0,0,0,0,0,0,0,0,0,0,0,0,0,0,0,0,0,0,0,0,0,0,0,0,0,0,0,0,0,0,0,0,0,0,0,0
2016-10-26 11:41:42.667 UTC,125,0,0,0,0,0,3166672,1160,20259,560,0,0,0,0,0,0,0,0,0,0,0,0,0,5,5,0,2,1,9,0,0,0,0,0,0, ,0,0,0,0,0,0,0,0,0,0,4158,3,3488,0,0,0,0,0,0,37,0,0,0,0,0,0,0,0,0,0,0,0,0,0,0,0,0,0,0,0,0,0,0,0,0,0,0,0,0,1477410641686,3145728,0,0,0,0,0,0,0,0,0,0,0,3,0,0,0,0,0,1,0,0,0,0,0,0,0,0,0,0,0,0,0,0,0,0,0,0,208473432,7,0,0,0,0,0,0,0,0,0,0,0,0,0,0,0,0,0,0,0,0,0,0,0,0,0,0,0,0,0,0,0,0,0,0,0,0,0,0,0,0,0,0,0,0,0,0,0,0,0
2016-10-26 11:42:42.668 UTC,125,0,0,0,0,0,3166672,1160,20259,560,0,0,0,0,0,0,0,0,0,0,0,0,0,5,5,0,2,1,9,0,0,0,0,0,0, ,0,0,0,0,0,0,0,0,0,0,4158,3,3488,0,0,0,0,0,0,37,0,0,0,0,0,0,0,0,0,0,0,0,0,0,0,0,0,0,0,0,0,0,0,0,0,0,0,0,0,1477410641686,3145728,0,0,0,0,0,0,0,0,0,0,0,3,0,0,0,0,0,1,0,0,0,0,0,0,0,0,0,0,0,0,0,0,0,0,0,0,210677552,8,0,0,0,0,0,0,0,0,0,0,0,0,0,0,0,0,0,0,0,0,0,0,0,0,0,0,0,0,0,0,0,0,0,0,0,0,0,0,0,0,0,0,0,0,0,0,0,0,0
2016-10-26 11:43:42.669 UTC,125,0,0,0,0,0,3166672,1160,20259,560,0,0,0,0,0,0,0,0,0,0,0,0,0,5,5,0,2,1,9,0,0,0,0,0,0, ,0,0,0,0,0,0,0,0,0,0,4158,3,3488,0,0,0,0,0,0,37,0,0,0,0,0,0,0,0,0,0,0,0,0,0,0,0,0,0,0,0,0,0,0,0,0,0,0,0,0,1477410641686,3145728,0,0,0,0,0,0,0,0,0,0,0,3,0,0,0,0,0,1,0,0,0,0,0,0,0,0,0,0,0,0,0,0,0,0,0,0,212217456,7,0,0,0,0,0,0,0,0,0,0,0,0,0,0,0,0,0,0,0,0,0,0,0,0,0,0,0,0,0,0,0,0,0,0,0,0,0,0,0,0,0,0,0,0,0,0,0,0,0
2016-10-26 11:44:42.669 UTC,125,0,0,0,0,0,3166672,1160,20259,560,0,0,0,0,0,0,0,0,0,0,0,0,0,5,5,0,2,1,9,0,0,0,0,0,0, ,0,0,0,0,0,0,0,0,0,0,4158,3,3488,0,0,0,0,0,0,37,0,0,0,0,0,0,0,0,0,0,0,0,0,0,0,0,0,0,0,0,0,0,0,0,0,0,0,0,0,1477410641686,3145728,0,0,0,0,0,0,0,0,0,0,0,3,0,0,0,0,0,1,0,0,0,0,0,0,0,0,0,0,0,0,0,0,0,0,0,0,212363352,8,0,0,0,0,0,0,0,0,0,0,0,0,0,0,0,0,0,0,0,0,0,0,0,0,0,0,0,0,0,0,0,0,0,0,0,0,0,0,0,0,0,0,0,0,0,0,0,0,0
2016-10-26 11:45:42.670 UTC,125,0,0,0,0,0,3166672,1160,20259,560,0,0,0,0,0,0,0,0,0,0,0,0,0,5,5,0,2,1,9,0,0,0,0,0,0, ,0,0,0,0,0,0,0,0,0,0,4158,3,3488,0,0,0,0,0,0,37,0,0,0,0,0,0,0,0,0,0,0,0,0,0,0,0,0,0,0,0,0,0,0,0,0,0,0,0,0,1477410641686,3145728,0,0,0,0,0,0,0,0,0,0,0,3,0,0,0,0,0,1,0,0,0,0,0,0,0,0,0,0,0,0,0,0,0,0,0,0,212809848,7,0,0,0,0,0,0,0,0,0,0,0,0,0,0,0,0,0,0,0,0,0,0,0,0,0,0,0,0,0,0,0,0,0,0,0,0,0,0,0,0,0,0,0,0,0,0,0,0,0
2016-10-26 11:46:42.671 UTC,125,0,0,0,0,0,3166672,1160,20259,560,0,0,0,0,0,0,0,0,0,0,0,0,0,5,5,0,2,1,9,0,0,0,0,0,0, ,0,0,0,0,0,0,0,0,0,0,4158,3,3488,0,0,0,0,0,0,37,0,0,0,0,0,0,0,0,0,0,0,0,0,0,0,0,0,0,0,0,0,0,0,0,0,0,0,0,0,1477410641686,3145728,0,0,0,0,0,0,0,0,0,0,0,3,0,0,0,0,0,1,0,0,0,0,0,0,0,0,0,0,0,0,0,0,0,0,0,0,215671384,7,0,0,0,0,0,0,0,0,0,0,0,0,0,0,0,0,0,0,0,0,0,0,0,0,0,0,0,0,0,0,0,0,0,0,0,0,0,0,0,0,0,0,0,0,0,0,0,0,0
2016-10-26 11:47:42.671 UTC,125,0,0,0,0,0,3166672,1160,20259,560,0,0,0,0,0,0,0,0,0,0,0,0,0,5,5,0,2,1,9,0,0,0,0,0,0, ,0,0,0,0,0,0,0,0,0,0,4158,3,3488,0,0,0,0,0,0,37,0,0,0,0,0,0,0,0,0,0,0,0,0,0,0,0,0,0,0,0,0,0,0,0,0,0,0,0,0,1477410641686,3145728,0,0,0,0,0,0,0,0,0,0,0,3,0,0,0,0,0,1,0,0,0,0,0,0,0,0,0,0,0,0,0,0,0,0,0,0,216212672,7,0,0,0,0,0,0,0,0,0,0,0,0,0,0,0,0,0,0,0,0,0,0,0,0,0,0,0,0,0,0,0,0,0,0,0,0,0,0,0,0,0,0,0,0,0,0,0,0,0
2016-10-26 11:48:42.672 UTC,125,0,0,0,0,0,3166672,1160,20259,560,0,0,0,0,0,0,0,0,0,0,0,0,0,5,5,0,2,1,9,0,0,0,0,0,0, ,0,0,0,0,0,0,0,0,0,0,4158,3,3488,0,0,0,0,0,0,37,0,0,0,0,0,0,0,0,0,0,0,0,0,0,0,0,0,0,0,0,0,0,0,0,0,0,0,0,0,1477410641686,3145728,0,0,0,0,0,0,0,0,0,0,0,3,0,0,0,0,0,1,0,0,0,0,0,0,0,0,0,0,0,0,0,0,0,0,0,0,216358568,7,0,0,0,0,0,0,0,0,0,0,0,0,0,0,0,0,0,0,0,0,0,0,0,0,0,0,0,0,0,0,0,0,0,0,0,0,0,0,0,0,0,0,0,0,0,0,0,0,0
2016-10-26 11:49:42.673 UTC,125,0,0,0,0,0,3166672,1160,20259,560,0,0,0,0,0,0,0,0,0,0,0,0,0,5,5,0,2,1,9,0,0,0,0,0,0, ,0,0,0,0,0,0,0,0,0,0,4158,3,3488,0,0,0,0,0,0,37,0,0,0,0,0,0,0,0,0,0,0,0,0,0,0,0,0,0,0,0,0,0,0,0,0,0,0,0,0,1477410641686,3145728,0,0,0,0,0,0,0,0,0,0,0,3,0,0,0,0,0,1,0,0,0,0,0,0,0,0,0,0,0,0,0,0,0,0,0,0,216844592,7,0,0,0,0,0,0,0,0,0,0,0,0,0,0,0,0,0,0,0,0,0,0,0,0,0,0,0,0,0,0,0,0,0,0,0,0,0,0,0,0,0,0,0,0,0,0,0,0,0
2016-10-26 11:50:42.673 UTC,125,0,0,0,0,0,3166672,1160,20259,560,0,0,0,0,0,0,0,0,0,0,0,0,0,5,5,0,2,1,9,0,0,0,0,0,0, ,0,0,0,0,0,0,0,0,0,0,4158,3,3488,0,0,0,0,0,0,37,0,0,0,0,0,0,0,0,0,0,0,0,0,0,0,0,0,0,0,0,0,0,0,0,0,0,0,0,0,1477410641686,3145728,0,0,0,0,0,0,0,0,0,0,0,3,0,0,0,0,0,1,0,0,0,0,0,0,0,0,0,0,0,0,0,0,0,0,0,0,219690120,7,0,0,0,0,0,0,0,0,0,0,0,0,0,0,0,0,0,0,0,0,0,0,0,0,0,0,0,0,0,0,0,0,0,0,0,0,0,0,0,0,0,0,0,0,0,0,0,0,0
2016-10-26 11:51:42.674 UTC,125,0,0,0,0,0,3166672,1160,20259,560,0,0,0,0,0,0,0,0,0,0,0,0,0,5,5,0,2,1,9,0,0,0,0,0,0, ,0,0,0,0,0,0,0,0,0,0,4158,3,3488,0,0,0,0,0,0,37,0,0,0,0,0,0,0,0,0,0,0,0,0,0,0,0,0,0,0,0,0,0,0,0,0,0,0,0,0,1477410641686,3145728,0,0,0,0,0,0,0,0,0,0,0,3,0,0,0,0,0,1,0,0,0,0,0,0,0,0,0,0,0,0,0,0,0,0,0,0,220200768,7,0,0,0,0,0,0,0,0,0,0,0,0,0,0,0,0,0,0,0,0,0,0,0,0,0,0,0,0,0,0,0,0,0,0,0,0,0,0,0,0,0,0,0,0,0,0,0,0,0
2016-10-26 11:52:42.675 UTC,125,0,0,0,0,0,3166672,1160,20259,560,0,0,0,0,0,0,0,0,0,0,0,0,0,5,5,0,2,1,9,0,0,0,0,0,0, ,0,0,0,0,0,0,0,0,0,0,4158,3,3488,0,0,0,0,0,0,37,0,0,0,0,0,0,0,0,0,0,0,0,0,0,0,0,0,0,0,0,0,0,0,0,0,0,0,0,0,1477410641686,3145728,0,0,0,0,0,0,0,0,0,0,0,3,0,0,0,0,0,1,0,0,0,0,0,0,0,0,0,0,0,0,0,0,0,0,0,0,220362456,7,0,0,0,0,0,0,0,0,0,0,0,0,0,0,0,0,0,0,0,0,0,0,0,0,0,0,0,0,0,0,0,0,0,0,0,0,0,0,0,0,0,0,0,0,0,0,0,0,0
2016-10-26 11:53:42.676 UTC,125,0,0,0,0,0,3166672,1160,20259,560,0,0,0,0,0,0,0,0,0,0,0,0,0,5,5,0,2,1,9,0,0,0,0,0,0, ,0,0,0,0,0,0,0,0,0,0,4158,3,3488,0,0,0,0,0,0,37,0,0,0,0,0,0,0,0,0,0,0,0,0,0,0,0,0,0,0,0,0,0,0,0,0,0,0,0,0,1477410641686,3145728,0,0,0,0,0,0,0,0,0,0,0,3,0,0,0,0,0,1,0,0,0,0,0,0,0,0,0,0,0,0,0,0,0,0,0,0,222225464,8,0,0,0,0,0,0,0,0,0,0,0,0,0,0,0,0,0,0,0,0,0,0,0,0,0,0,0,0,0,0,0,0,0,0,0,0,0,0,0,0,0,0,0,0,0,0,0,0,0
2016-10-26 11:54:42.676 UTC,125,0,0,0,0,0,3166672,1160,20259,560,0,0,0,0,0,0,0,0,0,0,0,0,0,5,5,0,2,1,9,0,0,0,0,0,0, ,0,0,0,0,0,0,0,0,0,0,4158,3,3488,0,0,0,0,0,0,37,0,0,0,0,0,0,0,0,0,0,0,0,0,0,0,0,0,0,0,0,0,0,0,0,0,0,0,0,0,1477410641686,3145728,0,0,0,0,0,0,0,0,0,0,0,3,0,0,0,0,0,1,0,0,0,0,0,0,0,0,0,0,0,0,0,0,0,0,0,0,224067624,8,0,0,0,0,0,0,0,0,0,0,0,0,0,0,0,0,0,0,0,0,0,0,0,0,0,0,0,0,0,0,0,0,0,0,0,0,0,0,0,0,0,0,0,0,0,0,0,0,0
2016-10-26 11:55:42.677 UTC,125,0,0,0,0,0,3166672,1160,20259,560,0,0,0,0,0,0,0,0,0,0,0,0,0,5,5,0,2,1,9,0,0,0,0,0,0, ,0,0,0,0,0,0,0,0,0,0,4158,3,3488,0,0,0,0,0,0,37,0,0,0,0,0,0,0,0,0,0,0,0,0,0,0,0,0,0,0,0,0,0,0,0,0,0,0,0,0,1477410641686,3145728,0,0,0,0,0,0,0,0,0,0,0,3,0,0,0,0,0,1,0,0,0,0,0,0,0,0,0,0,0,0,0,0,0,0,1,4,108331232,7,0,0,0,0,0,0,0,0,0,0,0,0,0,0,0,0,0,0,0,0,0,0,0,0,0,0,0,0,0,0,0,0,0,0,0,0,0,0,0,0,0,0,0,0,0,0,0,0,0
2016-10-26 11:56:42.678 UTC,125,0,0,0,0,0,3166672,1160,20259,560,0,0,0,0,0,0,0,0,0,0,0,0,0,5,5,0,2,1,9,0,0,0,0,0,0, ,0,0,0,0,0,0,0,0,0,0,4158,3,3488,0,0,0,0,0,0,37,0,0,0,0,0,0,0,0,0,0,0,0,0,0,0,0,0,0,0,0,0,0,0,0,0,0,0,0,0,1477410641686,3145728,0,0,0,0,0,0,0,0,0,0,0,3,0,0,0,0,0,1,0,0,0,0,0,0,0,0,0,0,0,0,0,0,0,0,0,0,110258920,8,0,0,0,0,0,0,0,0,0,0,0,0,0,0,0,0,0,0,0,0,0,0,0,0,0,0,0,0,0,0,0,0,0,0,0,0,0,0,0,0,0,0,0,0,0,0,0,0,0
2016-10-26 11:57:42.678 UTC,125,0,0,0,0,0,3166672,1160,20259,560,0,0,0,0,0,0,0,0,0,0,0,0,0,5,5,0,2,1,9,0,0,0,0,0,0, ,0,0,0,0,0,0,0,0,0,0,4158,3,3488,0,0,0,0,0,0,37,0,0,0,0,0,0,0,0,0,0,0,0,0,0,0,0,0,0,0,0,0,0,0,0,0,0,0,0,0,1477410641686,3145728,0,0,0,0,0,0,0,0,0,0,0,3,0,0,0,0,0,1,0,0,0,0,0,0,0,0,0,0,0,0,0,0,0,0,1,4,68339424,7,0,0,0,0,0,0,0,0,0,0,0,0,0,0,0,0,0,0,0,0,0,0,0,0,0,0,0,0,0,0,0,0,0,0,0,0,0,0,0,0,0,0,0,0,0,0,0,0,0
2016-10-26 11:58:42.679 UTC,125,0,0,0,0,0,3166672,1160,20259,560,0,0,0,0,0,0,0,0,0,0,0,0,0,5,5,0,2,1,9,0,0,0,0,0,0, ,0,0,0,0,0,0,0,0,0,0,4158,3,3488,0,0,0,0,0,0,37,0,0,0,0,0,0,0,0,0,0,0,0,0,0,0,0,0,0,0,0,0,0,0,0,0,0,0,0,0,1477410641686,3145728,0,0,0,0,0,0,0,0,0,0,0,3,0,0,0,0,0,1,0,0,0,0,0,0,0,0,0,0,0,0,0,0,0,0,13,349,210465360,8,0,0,0,0,0,0,0,0,0,0,0,0,0,0,0,0,0,0,0,0,0,0,0,0,0,0,0,0,0,0,0,0,0,0,0,0,0,0,0,0,0,0,0,0,0,0,0,0,0
2016-10-26 11:59:42.680 UTC,125,0,0,0,0,0,3166672,1160,20259,560,0,0,0,0,0,0,0,0,0,0,0,0,0,5,5,0,2,1,9,0,0,0,0,0,0, ,0,0,0,0,0,0,0,0,0,0,4158,3,3488,0,0,0,0,0,0,37,0,0,0,0,0,0,0,0,0,0,0,0,0,0,0,0,0,0,0,0,0,0,0,0,0,0,0,0,0,1477410641686,3145728,0,0,0,0,0,0,0,0,0,0,0,3,0,0,0,0,0,1,0,0,0,0,0,0,0,0,0,0,0,0,0,0,0,0,2,85,209384224,8,0,0,0,0,0,0,0,0,0,0,0,0,0,0,0,0,0,0,0,0,0,0,0,0,0,0,0,0,0,0,0,0,0,0,0,0,0,0,0,0,0,0,0,0,0,0,0,0,0
2016-10-26 12:00:42.681 UTC,125,0,0,0,0,0,3166672,1160,20259,560,0,0,0,0,0,0,0,0,0,0,0,0,0,5,5,0,2,1,9,0,0,0,0,0,0, ,0,0,0,0,0,0,0,0,0,0,4158,3,3488,0,0,0,0,0,0,37,0,0,0,0,0,0,0,0,0,0,0,0,0,0,0,0,0,0,0,0,0,0,0,0,0,0,0,0,0,1477410641686,3145728,0,0,0,0,0,0,0,0,0,0,0,3,0,0,0,0,0,1,0,0,0,0,0,0,0,0,0,0,0,0,0,0,0,0,0,0,211002208,7,0,0,0,0,0,0,0,0,0,0,0,0,0,0,0,0,0,0,0,0,0,0,0,0,0,0,0,0,0,0,0,0,0,0,0,0,0,0,0,0,0,0,0,0,0,0,0,0,0
2016-10-26 12:01:42.681 UTC,125,0,0,0,0,0,3166672,1160,20259,560,0,0,0,0,0,0,0,0,0,0,0,0,0,5,5,0,2,1,9,0,0,0,0,0,0, ,0,0,0,0,0,0,0,0,0,0,4158,3,3488,0,0,0,0,0,0,37,0,0,0,0,0,0,0,0,0,0,0,0,0,0,0,0,0,0,0,0,0,0,0,0,0,0,0,0,0,1477410641686,3145728,0,0,0,0,0,0,0,0,0,0,0,3,0,0,0,0,0,1,0,0,0,0,0,0,0,0,0,0,0,0,0,0,0,0,0,0,211379184,8,0,0,0,0,0,0,0,0,0,0,0,0,0,0,0,0,0,0,0,0,0,0,0,0,0,0,0,0,0,0,0,0,0,0,0,0,0,0,0,0,0,0,0,0,0,0,0,0,0
2016-10-26 12:02:42.682 UTC,125,0,0,0,0,0,3166672,1160,20259,560,0,0,0,0,0,0,0,0,0,0,0,0,0,5,5,0,2,1,9,0,0,0,0,0,0, ,0,0,0,0,0,0,0,0,0,0,4158,3,3488,0,0,0,0,0,0,37,0,0,0,0,0,0,0,0,0,0,0,0,0,0,0,0,0,0,0,0,0,0,0,0,0,0,0,0,0,1477410641686,3145728,0,0,0,0,0,0,0,0,0,0,0,3,0,0,0,0,0,1,0,0,0,0,0,0,0,0,0,0,0,0,0,0,0,0,0,0,212879456,8,0,0,0,0,0,0,0,0,0,0,0,0,0,0,0,0,0,0,0,0,0,0,0,0,0,0,0,0,0,0,0,0,0,0,0,0,0,0,0,0,0,0,0,0,0,0,0,0,0
2016-10-26 12:03:42.683 UTC,125,0,0,0,0,0,3166672,1160,20259,560,0,0,0,0,0,0,0,0,0,0,0,0,0,5,5,0,2,1,9,0,0,0,0,0,0, ,0,0,0,0,0,0,0,0,0,0,4158,3,3488,0,0,0,0,0,0,37,0,0,0,0,0,0,0,0,0,0,0,0,0,0,0,0,0,0,0,0,0,0,0,0,0,0,0,0,0,1477410641686,3145728,0,0,0,0,0,0,0,0,0,0,0,3,0,0,0,0,0,1,0,0,0,0,0,0,0,0,0,0,0,0,0,0,0,0,0,0,213258912,8,0,0,0,0,0,0,0,0,0,0,0,0,0,0,0,0,0,0,0,0,0,0,0,0,0,0,0,0,0,0,0,0,0,0,0,0,0,0,0,0,0,0,0,0,0,0,0,0,0
2016-10-26 12:04:42.684 UTC,125,0,0,0,0,0,3166672,1160,20259,560,0,0,0,0,0,0,0,0,0,0,0,0,0,5,5,0,2,1,9,0,0,0,0,0,0, ,0,0,0,0,0,0,0,0,0,0,4158,3,3488,0,0,0,0,0,0,37,0,0,0,0,0,0,0,0,0,0,0,0,0,0,0,0,0,0,0,0,0,0,0,0,0,0,0,0,0,1477410641686,3145728,0,0,0,0,0,0,0,0,0,0,0,3,0,0,0,0,0,1,0,0,0,0,0,0,0,0,0,0,0,0,0,0,0,0,0,0,214763472,7,0,0,0,0,0,0,0,0,0,0,0,0,0,0,0,0,0,0,0,0,0,0,0,0,0,0,0,0,0,0,0,0,0,0,0,0,0,0,0,0,0,0,0,0,0,0,0,0,0
2016-10-26 12:05:42.684 UTC,125,0,0,0,0,0,3166672,1160,20259,560,0,0,0,0,0,0,0,0,0,0,0,0,0,5,5,0,2,1,9,0,0,0,0,0,0, ,0,0,0,0,0,0,0,0,0,0,4158,3,3488,0,0,0,0,0,0,37,0,0,0,0,0,0,0,0,0,0,0,0,0,0,0,0,0,0,0,0,0,0,0,0,0,0,0,0,0,1477410641686,3145728,0,0,0,0,0,0,0,0,0,0,0,3,0,0,0,0,0,1,0,0,0,0,0,0,0,0,0,0,0,0,0,0,0,0,0,0,215136088,7,0,0,0,0,0,0,0,0,0,0,0,0,0,0,0,0,0,0,0,0,0,0,0,0,0,0,0,0,0,0,0,0,0,0,0,0,0,0,0,0,0,0,0,0,0,0,0,0,0
2016-10-26 12:06:42.685 UTC,125,0,0,0,0,0,3166672,1160,20259,560,0,0,0,0,0,0,0,0,0,0,0,0,0,5,5,0,2,1,9,0,0,0,0,0,0, ,0,0,0,0,0,0,0,0,0,0,4158,3,3488,0,0,0,0,0,0,37,0,0,0,0,0,0,0,0,0,0,0,0,0,0,0,0,0,0,0,0,0,0,0,0,0,0,0,0,0,1477410641686,3145728,0,0,0,0,0,0,0,0,0,0,0,3,0,0,0,0,0,1,0,0,0,0,0,0,0,0,0,0,0,0,0,0,0,0,0,0,216802088,7,0,0,0,0,0,0,0,0,0,0,0,0,0,0,0,0,0,0,0,0,0,0,0,0,0,0,0,0,0,0,0,0,0,0,0,0,0,0,0,0,0,0,0,0,0,0,0,0,0
2016-10-26 12:07:42.686 UTC,125,0,0,0,0,0,3166672,1160,20259,560,0,0,0,0,0,0,0,0,0,0,0,0,0,5,5,0,2,1,9,0,0,0,0,0,0, ,0,0,0,0,0,0,0,0,0,0,4158,3,3488,0,0,0,0,0,0,37,0,0,0,0,0,0,0,0,0,0,0,0,0,0,0,0,0,0,0,0,0,0,0,0,0,0,0,0,0,1477410641686,3145728,0,0,0,0,0,0,0,0,0,0,0,3,0,0,0,0,0,1,0,0,0,0,0,0,0,0,0,0,0,0,0,0,0,0,0,0,217013416,7,0,0,0,0,0,0,0,0,0,0,0,0,0,0,0,0,0,0,0,0,0,0,0,0,0,0,0,0,0,0,0,0,0,0,0,0,0,0,0,0,0,0,0,0,0,0,0,0,0
2016-10-26 12:08:42.686 UTC,125,0,0,0,0,0,3166672,1160,20259,560,0,0,0,0,0,0,0,0,0,0,0,0,0,5,5,0,2,1,9,0,0,0,0,0,0, ,0,0,0,0,0,0,0,0,0,0,4158,3,3488,0,0,0,0,0,0,37,0,0,0,0,0,0,0,0,0,0,0,0,0,0,0,0,0,0,0,0,0,0,0,0,0,0,0,0,0,1477410641686,3145728,0,0,0,0,0,0,0,0,0,0,0,3,0,0,0,0,0,1,0,0,0,0,0,0,0,0,0,0,0,0,0,0,0,0,0,0,218681168,7,0,0,0,0,0,0,0,0,0,0,0,0,0,0,0,0,0,0,0,0,0,0,0,0,0,0,0,0,0,0,0,0,0,0,0,0,0,0,0,0,0,0,0,0,0,0,0,0,0
2016-10-26 12:09:42.687 UTC,125,0,0,0,0,0,3166672,1160,20259,560,0,0,0,0,0,0,0,0,0,0,0,0,0,5,5,0,2,1,9,0,0,0,0,0,0, ,0,0,0,0,0,0,0,0,0,0,4158,3,3488,0,0,0,0,0,0,37,0,0,0,0,0,0,0,0,0,0,0,0,0,0,0,0,0,0,0,0,0,0,0,0,0,0,0,0,0,1477410641686,3145728,0,0,0,0,0,0,0,0,0,0,0,3,0,0,0,0,0,1,0,0,0,0,0,0,0,0,0,0,0,0,0,0,0,0,0,0,219006736,7,0,0,0,0,0,0,0,0,0,0,0,0,0,0,0,0,0,0,0,0,0,0,0,0,0,0,0,0,0,0,0,0,0,0,0,0,0,0,0,0,0,0,0,0,0,0,0,0,0
2016-10-26 12:10:42.688 UTC,125,0,0,0,0,0,3166672,1160,20259,560,0,0,0,0,0,0,0,0,0,0,0,0,0,5,5,0,2,1,9,0,0,0,0,0,0, ,0,0,0,0,0,0,0,0,0,0,4158,3,3488,0,0,0,0,0,0,37,0,0,0,0,0,0,0,0,0,0,0,0,0,0,0,0,0,0,0,0,0,0,0,0,0,0,0,0,0,1477410641686,3145728,0,0,0,0,0,0,0,0,0,0,0,3,0,0,0,0,0,1,0,0,0,0,0,0,0,0,0,0,0,0,0,0,0,0,0,0,220566960,7,0,0,0,0,0,0,0,0,0,0,0,0,0,0,0,0,0,0,0,0,0,0,0,0,0,0,0,0,0,0,0,0,0,0,0,0,0,0,0,0,0,0,0,0,0,0,0,0,0
2016-10-26 12:11:42.689 UTC,125,0,0,0,0,0,3166672,1160,20259,560,0,0,0,0,0,0,0,0,0,0,0,0,0,5,5,0,2,1,9,0,0,0,0,0,0, ,0,0,0,0,0,0,0,0,0,0,4158,3,3488,0,0,0,0,0,0,37,0,0,0,0,0,0,0,0,0,0,0,0,0,0,0,0,0,0,0,0,0,0,0,0,0,0,0,0,0,1477410641686,3145728,0,0,0,0,0,0,0,0,0,0,0,3,0,0,0,0,0,1,0,0,0,0,0,0,0,0,0,0,0,0,0,0,0,0,0,0,221333480,7,0,0,0,0,0,0,0,0,0,0,0,0,0,0,0,0,0,0,0,0,0,0,0,0,0,0,0,0,0,0,0,0,0,0,0,0,0,0,0,0,0,0,0,0,0,0,0,0,0
2016-10-26 12:12:42.689 UTC,125,0,0,0,0,0,3166672,1160,20259,560,0,0,0,0,0,0,0,0,0,0,0,0,0,5,5,0,2,1,9,0,0,0,0,0,0, ,0,0,0,0,0,0,0,0,0,0,4158,3,3488,0,0,0,0,0,0,37,0,0,0,0,0,0,0,0,0,0,0,0,0,0,0,0,0,0,0,0,0,0,0,0,0,0,0,0,0,1477410641686,3145728,0,0,0,0,0,0,0,0,0,0,0,3,0,0,0,0,0,1,0,0,0,0,0,0,0,0,0,0,0,0,0,0,0,0,0,0,222667488,7,0,0,0,0,0,0,0,0,0,0,0,0,0,0,0,0,0,0,0,0,0,0,0,0,0,0,0,0,0,0,0,0,0,0,0,0,0,0,0,0,0,0,0,0,0,0,0,0,0
2016-10-26 12:13:42.690 UTC,125,0,0,0,0,0,3166672,1160,20259,560,0,0,0,0,0,0,0,0,0,0,0,0,0,5,5,0,2,1,9,0,0,0,0,0,0, ,0,0,0,0,0,0,0,0,0,0,4158,3,3488,0,0,0,0,0,0,37,0,0,0,0,0,0,0,0,0,0,0,0,0,0,0,0,0,0,0,0,0,0,0,0,0,0,0,0,0,1477410641686,3145728,0,0,0,0,0,0,0,0,0,0,0,3,0,0,0,0,0,1,0,0,0,0,0,0,0,0,0,0,0,0,0,0,0,0,0,0,224005728,8,0,0,0,0,0,0,0,0,0,0,0,0,0,0,0,0,0,0,0,0,0,0,0,0,0,0,0,0,0,0,0,0,0,0,0,0,0,0,0,0,0,0,0,0,0,0,0,0,0
2016-10-26 12:14:42.691 UTC,125,0,0,0,0,0,3166672,1160,20259,560,0,0,0,0,0,0,0,0,0,0,0,0,0,5,5,0,2,1,9,0,0,0,0,0,0, ,0,0,0,0,0,0,0,0,0,0,4158,3,3488,0,0,0,0,0,0,37,0,0,0,0,0,0,0,0,0,0,0,0,0,0,0,0,0,0,0,0,0,0,0,0,0,0,0,0,0,1477410641686,3145728,0,0,0,0,0,0,0,0,0,0,0,3,0,0,0,0,0,1,0,0,0,0,0,0,0,0,0,0,0,0,0,0,0,0,0,0,224555200,7,0,0,0,0,0,0,0,0,0,0,0,0,0,0,0,0,0,0,0,0,0,0,0,0,0,0,0,0,0,0,0,0,0,0,0,0,0,0,0,0,0,0,0,0,0,0,0,0,0
2016-10-26 12:15:42.691 UTC,125,0,0,0,0,0,3166672,1160,20259,560,0,0,0,0,0,0,0,0,0,0,0,0,0,5,5,0,2,1,9,0,0,0,0,0,0, ,0,0,0,0,0,0,0,0,0,0,4158,3,3488,0,0,0,0,0,0,37,0,0,0,0,0,0,0,0,0,0,0,0,0,0,0,0,0,0,0,0,0,0,0,0,0,0,0,0,0,1477410641686,3145728,0,0,0,0,0,0,0,0,0,0,0,3,0,0,0,0,0,1,0,0,0,0,0,0,0,0,0,0,0,0,0,0,0,0,0,0,226169384,7,0,0,0,0,0,0,0,0,0,0,0,0,0,0,0,0,0,0,0,0,0,0,0,0,0,0,0,0,0,0,0,0,0,0,0,0,0,0,0,0,0,0,0,0,0,0,0,0,0
2016-10-26 12:16:42.692 UTC,125,0,0,0,0,0,3166672,1160,20259,560,0,0,0,0,0,0,0,0,0,0,0,0,0,5,5,0,2,1,9,0,0,0,0,0,0, ,0,0,0,0,0,0,0,0,0,0,4158,3,3488,0,0,0,0,0,0,37,0,0,0,0,0,0,0,0,0,0,0,0,0,0,0,0,0,0,0,0,0,0,0,0,0,0,0,0,0,1477410641686,3145728,0,0,0,0,0,0,0,0,0,0,0,3,0,0,0,0,0,1,0,0,0,0,0,0,0,0,0,0,0,0,0,0,0,0,0,0,226387640,7,0,0,0,0,0,0,0,0,0,0,0,0,0,0,0,0,0,0,0,0,0,0,0,0,0,0,0,0,0,0,0,0,0,0,0,0,0,0,0,0,0,0,0,0,0,0,0,0,0
2016-10-26 12:17:42.693 UTC,125,0,0,0,0,0,3166672,1160,20259,560,0,0,0,0,0,0,0,0,0,0,0,0,0,5,5,0,2,1,9,0,0,0,0,0,0, ,0,0,0,0,0,0,0,0,0,0,4158,3,3488,0,0,0,0,0,0,37,0,0,0,0,0,0,0,0,0,0,0,0,0,0,0,0,0,0,0,0,0,0,0,0,0,0,0,0,0,1477410641686,3145728,0,0,0,0,0,0,0,0,0,0,0,3,0,0,0,0,0,1,0,0,0,0,0,0,0,0,0,0,0,0,0,0,0,0,0,0,228053424,7,0,0,0,0,0,0,0,0,0,0,0,0,0,0,0,0,0,0,0,0,0,0,0,0,0,0,0,0,0,0,0,0,0,0,0,0,0,0,0,0,0,0,0,0,0,0,0,0,0
2016-10-26 12:18:42.693 UTC,125,0,0,0,0,0,3166672,1160,20259,560,0,0,0,0,0,0,0,0,0,0,0,0,0,5,5,0,2,1,9,0,0,0,0,0,0, ,0,0,0,0,0,0,0,0,0,0,4158,3,3488,0,0,0,0,0,0,37,0,0,0,0,0,0,0,0,0,0,0,0,0,0,0,0,0,0,0,0,0,0,0,0,0,0,0,0,0,1477410641686,3145728,0,0,0,0,0,0,0,0,0,0,0,3,0,0,0,0,0,1,0,0,0,0,0,0,0,0,0,0,0,0,0,0,0,0,0,0,228266800,7,0,0,0,0,0,0,0,0,0,0,0,0,0,0,0,0,0,0,0,0,0,0,0,0,0,0,0,0,0,0,0,0,0,0,0,0,0,0,0,0,0,0,0,0,0,0,0,0,0
2016-10-26 12:19:42.694 UTC,125,0,0,0,0,0,3166672,1160,20259,560,0,0,0,0,0,0,0,0,0,0,0,0,0,5,5,0,2,1,9,0,0,0,0,0,0, ,0,0,0,0,0,0,0,0,0,0,4158,3,3488,0,0,0,0,0,0,37,0,0,0,0,0,0,0,0,0,0,0,0,0,0,0,0,0,0,0,0,0,0,0,0,0,0,0,0,0,1477410641686,3145728,0,0,0,0,0,0,0,0,0,0,0,3,0,0,0,0,0,1,0,0,0,0,0,0,0,0,0,0,0,0,0,0,0,0,0,0,229932888,7,0,0,0,0,0,0,0,0,0,0,0,0,0,0,0,0,0,0,0,0,0,0,0,0,0,0,0,0,0,0,0,0,0,0,0,0,0,0,0,0,0,0,0,0,0,0,0,0,0
2016-11-09 21:18:25.277 UTC,125,0,0,0,0,0,3162617,1160,16540,224,0,0,0,0,0,23,4,0,0,0,0,0,5,4,4,0,2,1,7,17,8,0,0,0,0, ,0,0,0,0,0,0,0,0,0,0,4158,3,3488,0,0,0,0,0,0,37,0,0,0,0,0,0,0,0,0,0,0,0,0,0,0,0,0,0,0,0,0,0,0,0,0,0,0,0,2,1478726305231,3145728,0,0,0,19,0,0,0,3,0,0,0,3,0,0,0,0,19,1,2048,1,0,0,0,0,100352,28,0,0,0,0,0,0,0,0,25,153,160409824,1,0,0,0,0,0,0,32,0,0,0,0,0,0,0,0,0,0,0,0,0,0,0,0,0,0,0,0,0,0,1,0,0,0,0,0,0,0,0,0,0,0,0,0,0,0,0,0,0,0
2016-11-09 21:19:25.278 UTC,125,0,0,0,0,0,3165784,1160,19659,272,0,0,0,0,0,14,1,0,0,0,0,0,0,5,5,0,2,1,9,14,3,0,0,0,0, ,0,0,0,0,0,0,0,0,0,0,4158,3,3488,0,0,0,0,0,0,37,0,0,0,0,0,0,0,0,0,0,0,0,0,0,0,0,0,0,0,0,0,0,0,0,0,0,0,0,0,1478726305231,3145728,0,0,0,7,0,0,0,0,0,0,0,3,0,0,0,0,7,1,0,0,0,0,0,0,14336,7,0,0,0,0,0,0,0,0,2,12,75798176,1,0,0,0,0,0,0,24,0,0,0,0,0,0,0,0,0,0,1,0,0,0,0,0,0,0,0,0,0,0,5,0,0,0,0,0,0,0,0,0,0,0,0,0,0,0,0,0,0,0
2016-11-09 21:20:25.279 UTC,125,0,0,0,0,0,3165784,1160,19659,272,0,0,0,0,0,0,0,0,0,0,0,0,0,5,5,0,2,1,9,0,0,0,0,0,0, ,0,0,0,0,0,0,0,0,0,0,4158,3,3488,0,0,0,0,0,0,37,0,0,0,0,0,0,0,0,0,0,0,0,0,0,0,0,0,0,0,0,0,0,0,0,0,0,0,0,0,1478726305231,3145728,0,0,0,0,0,0,0,0,0,0,0,3,0,0,0,0,0,1,0,0,0,0,0,0,0,0,0,0,0,0,0,0,0,0,0,0,157524312,1,0,0,0,0,0,0,0,0,0,0,0,0,0,0,0,0,0,0,0,0,0,0,0,0,0,0,0,0,0,0,0,0,0,0,0,0,0,0,0,0,0,0,0,0,0,0,0,0,0
2016-11-09 21:21:25.280 UTC,125,0,0,0,0,0,3165784,1160,19659,272,0,0,0,0,0,0,0,0,0,0,0,0,0,5,5,0,2,1,9,0,0,0,0,0,0, ,0,0,0,0,0,0,0,0,0,0,4158,3,3488,0,0,0,0,0,0,37,0,0,0,0,0,0,0,0,0,0,0,0,0,0,0,0,0,0,0,0,0,0,0,0,0,0,0,0,0,1478726305231,3145728,0,0,0,0,0,0,0,0,0,0,0,3,0,0,0,0,0,1,0,0,0,0,0,0,0,0,0,0,0,0,0,0,0,0,3,15,150451744,1,0,0,0,0,0,0,0,0,0,0,0,0,0,0,0,0,0,0,0,0,0,0,0,0,0,0,0,0,0,0,0,0,0,0,0,0,0,0,0,0,0,0,0,0,0,0,0,0,0
2016-11-09 21:22:25.281 UTC,125,0,0,0,0,0,3165784,1160,19659,272,0,0,0,0,0,0,0,0,0,0,0,0,0,5,5,0,2,1,9,0,0,0,0,0,0, ,0,0,0,0,0,0,0,0,0,0,4158,3,3488,0,0,0,0,0,0,37,0,0,0,0,0,0,0,0,0,0,0,0,0,0,0,0,0,0,0,0,0,0,0,0,0,0,0,0,0,1478726305231,3145728,0,0,0,0,0,0,0,0,0,0,0,3,0,0,0,0,0,1,0,0,0,0,0,0,0,0,0,0,0,0,0,0,0,0,0,0,150792480,1,0,0,0,0,0,0,0,0,0,0,0,0,0,0,0,0,0,0,0,0,0,0,0,0,0,0,0,0,0,0,0,0,0,0,0,0,0,0,0,0,0,0,0,0,0,0,0,0,0
2016-11-09 21:23:25.282 UTC,125,0,0,0,0,0,3165784,1160,19659,272,0,0,0,0,0,0,0,0,0,0,0,0,0,5,5,0,2,1,9,0,0,0,0,0,0, ,0,0,0,0,0,0,0,0,0,0,4158,3,3488,0,0,0,0,0,0,37,0,0,0,0,0,0,0,0,0,0,0,0,0,0,0,0,0,0,0,0,0,0,0,0,0,0,0,0,0,1478726305231,3145728,0,0,0,0,0,0,0,0,0,0,0,3,0,0,0,0,0,1,0,0,0,0,0,0,0,0,0,0,0,0,0,0,0,0,0,0,151064384,1,0,0,0,0,0,0,0,0,0,0,0,0,0,0,0,0,0,0,0,0,0,0,0,0,0,0,0,0,0,0,0,0,0,0,0,0,0,0,0,0,0,0,0,0,0,0,0,0,0
2016-11-09 21:24:25.307 UTC,125,0,0,0,0,0,3165784,1160,19659,272,0,0,0,0,0,0,0,0,0,0,0,0,0,5,5,0,2,1,9,0,0,0,0,0,0, ,0,0,0,0,0,0,0,0,0,0,4158,3,3488,0,0,0,0,0,0,37,0,0,0,0,0,0,0,0,0,0,0,0,0,0,0,0,0,0,0,0,0,0,0,0,0,0,0,0,0,1478726305231,3145728,0,0,0,0,0,0,0,0,0,0,0,3,0,0,0,0,0,1,0,0,0,0,0,0,0,0,0,0,0,0,0,0,0,0,1,3,78527096,1,0,0,0,0,0,0,0,0,0,0,0,0,0,0,0,0,0,0,0,0,0,0,0,0,0,0,0,0,0,0,0,0,0,0,0,0,0,0,0,0,0,0,0,0,0,0,0,0,0
2016-11-09 21:25:25.308 UTC,125,0,0,0,0,0,3165784,1160,19659,272,0,0,0,0,0,0,0,0,0,0,0,0,0,5,5,0,2,1,9,0,0,0,0,0,0, ,0,0,0,0,0,0,0,0,0,0,4158,3,3488,0,0,0,0,0,0,37,0,0,0,0,0,0,0,0,0,0,0,0,0,0,0,0,0,0,0,0,0,0,0,0,0,0,0,0,0,1478726305231,3145728,0,0,0,0,0,0,0,0,0,0,0,3,0,0,0,0,0,1,0,0,0,0,0,0,0,0,0,0,0,0,0,0,0,0,4,14,63874128,1,0,0,0,0,0,0,0,0,0,0,0,0,0,0,0,0,0,0,0,0,0,0,0,0,0,0,0,0,0,0,0,0,0,0,0,0,0,0,0,0,0,0,0,0,0,0,0,0,0
2016-11-09 21:26:25.331 UTC,125,0,0,0,0,0,3165784,1160,19659,272,0,0,0,0,0,0,0,0,0,0,0,0,0,5,5,0,2,1,9,0,0,0,0,0,0, ,0,0,0,0,0,0,0,0,0,0,4158,3,3488,0,0,0,0,0,0,37,0,0,0,0,0,0,0,0,0,0,0,0,0,0,0,0,0,0,0,0,0,0,0,0,0,0,0,0,0,1478726305231,3145728,0,0,0,0,0,0,0,0,0,0,0,3,0,0,0,0,0,1,0,0,0,0,0,0,0,0,0,0,0,0,0,0,0,0,0,0,64161528,1,0,0,0,0,0,0,0,0,0,0,0,0,0,0,0,0,0,0,0,0,0,0,0,0,0,0,0,0,0,0,0,0,0,0,0,0,0,0,0,0,0,0,0,0,0,0,0,0,0
2016-11-09 21:27:25.331 UTC,125,0,0,0,0,0,3165784,1160,19659,272,0,0,0,0,0,0,0,0,0,0,0,0,0,5,5,0,2,1,9,0,0,0,0,0,0, ,0,0,0,0,0,0,0,0,0,0,4158,3,3488,0,0,0,0,0,0,37,0,0,0,0,0,0,0,0,0,0,0,0,0,0,0,0,0,0,0,0,0,0,0,0,0,0,0,0,0,1478726305231,3145728,0,0,0,0,0,0,0,0,0,0,0,3,0,0,0,0,0,1,0,0,0,0,0,0,0,0,0,0,0,0,0,0,0,0,0,0,64457120,1,0,0,0,0,0,0,0,0,0,0,0,0,0,0,0,0,0,0,0,0,0,0,0,0,0,0,0,0,0,0,0,0,0,0,0,0,0,0,0,0,0,0,0,0,0,0,0,0,0
2016-11-09 21:28:25.332 UTC,125,0,0,0,0,0,3165784,1160,19659,272,0,0,0,0,0,0,0,0,0,0,0,0,0,5,5,0,2,1,9,0,0,0,0,0,0, ,0,0,0,0,0,0,0,0,0,0,4158,3,3488,0,0,0,0,0,0,37,0,0,0,0,0,0,0,0,0,0,0,0,0,0,0,0,0,0,0,0,0,0,0,0,0,0,0,0,0,1478726305231,3145728,0,0,0,0,0,0,0,0,0,0,0,3,0,0,0,0,0,1,0,0,0,0,0,0,0,0,0,0,0,0,0,0,0,0,0,0,64739760,1,0,0,0,0,0,0,0,0,0,0,0,0,0,0,0,0,0,0,0,0,0,0,0,0,0,0,0,0,0,0,0,0,0,0,0,0,0,0,0,0,0,0,0,0,0,0,0,0,0
2016-11-09 21:29:25.333 UTC,125,0,0,0,0,0,3165784,1160,19659,272,0,0,0,0,0,0,0,0,0,0,0,0,0,5,5,0,2,1,9,0,0,0,0,0,0, ,0,0,0,0,0,0,0,0,0,0,4158,3,3488,0,0,0,0,0,0,37,0,0,0,0,0,0,0,0,0,0,0,0,0,0,0,0,0,0,0,0,0,0,0,0,0,0,0,0,0,1478726305231,3145728,0,0,0,0,0,0,0,0,0,0,0,3,0,0,0,0,0,1,0,0,0,0,0,0,0,0,0,0,0,0,0,0,0,0,0,0,65057312,1,0,0,0,0,0,0,0,0,0,0,0,0,0,0,0,0,0,0,0,0,0,0,0,0,0,0,0,0,0,0,0,0,0,0,0,0,0,0,0,0,0,0,0,0,0,0,0,0,0
2016-11-09 21:30:25.334 UTC,125,0,0,0,0,0,3165784,1160,19659,272,0,0,0,0,0,0,0,0,0,0,0,0,0,5,5,0,2,1,9,0,0,0,0,0,0, ,0,0,0,0,0,0,0,0,0,0,4158,3,3488,0,0,0,0,0,0,37,0,0,0,0,0,0,0,0,0,0,0,0,0,0,0,0,0,0,0,0,0,0,0,0,0,0,0,0,0,1478726305231,3145728,0,0,0,0,0,0,0,0,0,0,0,3,0,0,0,0,0,1,0,0,0,0,0,0,0,0,0,0,0,0,0,0,0,0,0,0,65327008,1,0,0,0,0,0,0,0,0,0,0,0,0,0,0,0,0,0,0,0,0,0,0,0,0,0,0,0,0,0,0,0,0,0,0,0,0,0,0,0,0,0,0,0,0,0,0,0,0,0
2016-11-09 21:31:25.335 UTC,125,0,0,0,0,0,3165784,1160,19659,272,0,0,0,0,0,0,0,0,0,0,0,0,0,5,5,0,2,1,9,0,0,0,0,0,0, ,0,0,0,0,0,0,0,0,0,0,4158,3,3488,0,0,0,0,0,0,37,0,0,0,0,0,0,0,0,0,0,0,0,0,0,0,0,0,0,0,0,0,0,0,0,0,0,0,0,0,1478726305231,3145728,0,0,0,0,0,0,0,0,0,0,0,3,0,0,0,0,0,1,0,0,0,0,0,0,0,0,0,0,0,0,0,0,0,0,0,0,65613008,1,0,0,0,0,0,0,0,0,0,0,0,0,0,0,0,0,0,0,0,0,0,0,0,0,0,0,0,0,0,0,0,0,0,0,0,0,0,0,0,0,0,0,0,0,0,0,0,0,0
2016-11-09 21:32:25.336 UTC,125,0,0,0,0,0,3165784,1160,19659,272,0,0,0,0,0,0,0,0,0,0,0,0,0,5,5,0,2,1,9,0,0,0,0,0,0, ,0,0,0,0,0,0,0,0,0,0,4158,3,3488,0,0,0,0,0,0,37,0,0,0,0,0,0,0,0,0,0,0,0,0,0,0,0,0,0,0,0,0,0,0,0,0,0,0,0,0,1478726305231,3145728,0,0,0,0,0,0,0,0,0,0,0,3,0,0,0,0,0,1,0,0,0,0,0,0,0,0,0,0,0,0,0,0,0,0,0,0,65903656,1,0,0,0,0,0,0,0,0,0,0,0,0,0,0,0,0,0,0,0,0,0,0,0,0,0,0,0,0,0,0,0,0,0,0,0,0,0,0,0,0,0,0,0,0,0,0,0,0,0
2016-11-09 21:33:25.337 UTC,125,0,0,0,0,0,3165784,1160,19659,272,0,0,0,0,0,0,0,0,0,0,0,0,0,5,5,0,2,1,9,0,0,0,0,0,0, ,0,0,0,0,0,0,0,0,0,0,4158,3,3488,0,0,0,0,0,0,37,0,0,0,0,0,0,0,0,0,0,0,0,0,0,0,0,0,0,0,0,0,0,0,0,0,0,0,0,0,1478726305231,3145728,0,0,0,0,0,0,0,0,0,0,0,3,0,0,0,0,0,1,0,0,0,0,0,0,0,0,0,0,0,0,0,0,0,0,0,0,66192152,1,0,0,0,0,0,0,0,0,0,0,0,0,0,0,0,0,0,0,0,0,0,0,0,0,0,0,0,0,0,0,0,0,0,0,0,0,0,0,0,0,0,0,0,0,0,0,0,0,0
2016-11-09 21:34:25.338 UTC,125,0,0,0,0,0,3165784,1160,19659,272,0,0,0,0,0,0,0,0,0,0,0,0,0,5,5,0,2,1,9,0,0,0,0,0,0, ,0,0,0,0,0,0,0,0,0,0,4158,3,3488,0,0,0,0,0,0,37,0,0,0,0,0,0,0,0,0,0,0,0,0,0,0,0,0,0,0,0,0,0,0,0,0,0,0,0,0,1478726305231,3145728,0,0,0,0,0,0,0,0,0,0,0,3,0,0,0,0,0,1,0,0,0,0,0,0,0,0,0,0,0,0,0,0,0,0,0,0,66482728,1,0,0,0,0,0,0,0,0,0,0,0,0,0,0,0,0,0,0,0,0,0,0,0,0,0,0,0,0,0,0,0,0,0,0,0,0,0,0,0,0,0,0,0,0,0,0,0,0,0
2016-11-09 21:35:25.339 UTC,125,0,0,0,0,0,3165784,1160,19659,272,0,0,0,0,0,0,0,0,0,0,0,0,0,5,5,0,2,1,9,0,0,0,0,0,0, ,0,0,0,0,0,0,0,0,0,0,4158,3,3488,0,0,0,0,0,0,37,0,0,0,0,0,0,0,0,0,0,0,0,0,0,0,0,0,0,0,0,0,0,0,0,0,0,0,0,0,1478726305231,3145728,0,0,0,0,0,0,0,0,0,0,0,3,0,0,0,0,0,1,0,0,0,0,0,0,0,0,0,0,0,0,0,0,0,0,0,0,72053016,1,0,0,0,0,0,0,0,0,0,0,0,0,0,0,0,0,0,0,0,0,0,0,0,0,0,0,0,0,0,0,0,0,0,0,0,0,0,0,0,0,0,0,0,0,0,0,0,0,0
2016-11-09 21:36:25.340 UTC,125,0,0,0,0,0,3165784,1160,19659,272,0,0,0,0,0,0,0,0,0,0,0,0,0,5,5,0,2,1,9,0,0,0,0,0,0, ,0,0,0,0,0,0,0,0,0,0,4158,3,3488,0,0,0,0,0,0,37,0,0,0,0,0,0,0,0,0,0,0,0,0,0,0,0,0,0,0,0,0,0,0,0,0,0,0,0,0,1478726305231,3145728,0,0,0,0,0,0,0,0,0,0,0,3,0,0,0,0,0,1,0,0,0,0,0,0,0,0,0,0,0,0,0,0,0,0,0,0,72316928,1,0,0,0,0,0,0,0,0,0,0,0,0,0,0,0,0,0,0,0,0,0,0,0,0,0,0,0,0,0,0,0,0,0,0,0,0,0,0,0,0,0,0,0,0,0,0,0,0,0
2016-11-09 21:37:25.341 UTC,125,0,0,0,0,0,3165784,1160,19659,272,0,0,0,0,0,0,0,0,0,0,0,0,0,5,5,0,2,1,9,0,0,0,0,0,0, ,0,0,0,0,0,0,0,0,0,0,4158,3,3488,0,0,0,0,0,0,37,0,0,0,0,0,0,0,0,0,0,0,0,0,0,0,0,0,0,0,0,0,0,0,0,0,0,0,0,0,1478726305231,3145728,0,0,0,0,0,0,0,0,0,0,0,3,0,0,0,0,0,1,0,0,0,0,0,0,0,0,0,0,0,0,0,0,0,0,0,0,72606280,1,0,0,0,0,0,0,0,0,0,0,0,0,0,0,0,0,0,0,0,0,0,0,0,0,0,0,0,0,0,0,0,0,0,0,0,0,0,0,0,0,0,0,0,0,0,0,0,0,0
2016-11-09 21:38:25.342 UTC,125,0,0,0,0,0,3165784,1160,19659,272,0,0,0,0,0,0,0,0,0,0,0,0,0,5,5,0,2,1,9,0,0,0,0,0,0, ,0,0,0,0,0,0,0,0,0,0,4158,3,3488,0,0,0,0,0,0,37,0,0,0,0,0,0,0,0,0,0,0,0,0,0,0,0,0,0,0,0,0,0,0,0,0,0,0,0,0,1478726305231,3145728,0,0,0,0,0,0,0,0,0,0,0,3,0,0,0,0,0,1,0,0,0,0,0,0,0,0,0,0,0,0,0,0,0,0,0,0,72882088,1,0,0,0,0,0,0,0,0,0,0,0,0,0,0,0,0,0,0,0,0,0,0,0,0,0,0,0,0,0,0,0,0,0,0,0,0,0,0,0,0,0,0,0,0,0,0,0,0,0
2016-11-09 21:39:25.343 UTC,125,0,0,0,0,0,3165784,1160,19659,272,0,0,0,0,0,0,0,0,0,0,0,0,0,5,5,0,2,1,9,0,0,0,0,0,0, ,0,0,0,0,0,0,0,0,0,0,4158,3,3488,0,0,0,0,0,0,37,0,0,0,0,0,0,0,0,0,0,0,0,0,0,0,0,0,0,0,0,0,0,0,0,0,0,0,0,0,1478726305231,3145728,0,0,0,0,0,0,0,0,0,0,0,3,0,0,0,0,0,1,0,0,0,0,0,0,0,0,0,0,0,0,0,0,0,0,4,71,122455976,1,0,0,0,0,0,0,0,0,0,0,0,0,0,0,0,0,0,0,0,0,0,0,0,0,0,0,0,0,0,0,0,0,0,0,0,0,0,0,0,0,0,0,0,0,0,0,0,0,0
2016-11-09 21:40:25.344 UTC,125,0,0,0,0,0,3165784,1160,19659,272,0,0,0,0,0,0,0,0,0,0,0,0,0,5,5,0,2,1,9,0,0,0,0,0,0, ,0,0,0,0,0,0,0,0,0,0,4158,3,3488,0,0,0,0,0,0,37,0,0,0,0,0,0,0,0,0,0,0,0,0,0,0,0,0,0,0,0,0,0,0,0,0,0,0,0,0,1478726305231,3145728,0,0,0,0,0,0,0,0,0,0,0,3,0,0,0,0,0,1,0,0,0,0,0,0,0,0,0,0,0,0,0,0,0,0,0,0,123345952,1,0,0,0,0,0,0,0,0,0,0,0,0,0,0,0,0,0,0,0,0,0,0,0,0,0,0,0,0,0,0,0,0,0,0,0,0,0,0,0,0,0,0,0,0,0,0,0,0,0
2016-11-09 21:41:25.345 UTC,125,0,0,0,0,0,3165784,1160,19659,272,0,0,0,0,0,0,0,0,0,0,0,0,0,5,5,0,2,1,9,0,0,0,0,0,0, ,0,0,0,0,0,0,0,0,0,0,4158,3,3488,0,0,0,0,0,0,37,0,0,0,0,0,0,0,0,0,0,0,0,0,0,0,0,0,0,0,0,0,0,0,0,0,0,0,0,0,1478726305231,3145728,0,0,0,0,0,0,0,0,0,0,0,3,0,0,0,0,0,1,0,0,0,0,0,0,0,0,0,0,0,0,0,0,0,0,0,0,123622696,1,0,0,0,0,0,0,0,0,0,0,0,0,0,0,0,0,0,0,0,0,0,0,0,0,0,0,0,0,0,0,0,0,0,0,0,0,0,0,0,0,0,0,0,0,0,0,0,0,0
2016-11-09 21:42:25.346 UTC,125,0,0,0,0,0,3165784,1160,19659,272,0,0,0,0,0,0,0,0,0,0,0,0,0,5,5,0,2,1,9,0,0,0,0,0,0, ,0,0,0,0,0,0,0,0,0,0,4158,3,3488,0,0,0,0,0,0,37,0,0,0,0,0,0,0,0,0,0,0,0,0,0,0,0,0,0,0,0,0,0,0,0,0,0,0,0,0,1478726305231,3145728,0,0,0,0,0,0,0,0,0,0,0,3,0,0,0,0,0,1,0,0,0,0,0,0,0,0,0,0,0,0,0,0,0,0,0,0,123899872,1,0,0,0,0,0,0,0,0,0,0,0,0,0,0,0,0,0,0,0,0,0,0,0,0,0,0,0,0,0,0,0,0,0,0,0,0,0,0,0,0,0,0,0,0,0,0,0,0,0
2016-11-09 21:43:25.347 UTC,125,0,0,0,0,0,3165784,1160,19659,272,0,0,0,0,0,0,0,0,0,0,0,0,0,5,5,0,2,1,9,0,0,0,0,0,0, ,0,0,0,0,0,0,0,0,0,0,4158,3,3488,0,0,0,0,0,0,37,0,0,0,0,0,0,0,0,0,0,0,0,0,0,0,0,0,0,0,0,0,0,0,0,0,0,0,0,0,1478726305231,3145728,0,0,0,0,0,0,0,0,0,0,0,3,0,0,0,0,0,1,0,0,0,0,0,0,0,0,0,0,0,0,0,0,0,0,5,21,108050896,1,0,0,0,0,0,0,0,0,0,0,0,0,0,0,0,0,0,0,0,0,0,0,0,0,0,0,0,0,0,0,0,0,0,0,0,0,0,0,0,0,0,0,0,0,0,0,0,0,0
2016-11-09 21:44:25.348 UTC,125,0,0,0,0,0,3165784,1160,19659,272,0,0,0,0,0,0,0,0,0,0,0,0,0,5,5,0,2,1,9,0,0,0,0,0,0, ,0,0,0,0,0,0,0,0,0,0,4158,3,3488,0,0,0,0,0,0,37,0,0,0,0,0,0,0,0,0,0,0,0,0,0,0,0,0,0,0,0,0,0,0,0,0,0,0,0,0,1478726305231,3145728,0,0,0,0,0,0,0,0,0,0,0,3,0,0,0,0,0,1,0,0,0,0,0,0,0,0,0,0,0,0,0,0,1,470,6,16,93307000,2,0,0,0,0,0,0,0,0,0,0,0,0,0,0,0,0,0,0,0,0,0,0,0,0,0,0,0,0,0,0,0,0,0,0,0,0,0,0,0,0,0,0,0,0,0,0,0,0,0
2016-11-09 21:45:25.349 UTC,125,0,0,0,0,0,3165784,1160,19659,272,0,0,0,0,0,0,0,0,0,0,0,0,0,5,5,0,2,1,9,0,0,0,0,0,0, ,0,0,0,0,0,0,0,0,0,0,4158,3,3488,0,0,0,0,0,0,37,0,0,0,0,0,0,0,0,0,0,0,0,0,0,0,0,0,0,0,0,0,0,0,0,0,0,0,0,0,1478726305231,3145728,0,0,0,0,0,0,0,0,0,0,0,3,0,0,0,0,0,1,0,0,0,0,0,0,0,0,0,0,0,0,0,0,0,0,0,0,93594712,1,0,0,0,0,0,0,0,0,0,0,0,0,0,0,0,0,0,0,0,0,0,0,0,0,0,0,0,0,0,0,0,0,0,0,0,0,0,0,0,0,0,0,0,0,0,0,0,0,0
2016-11-09 21:46:25.350 UTC,125,0,0,0,0,0,3165784,1160,19659,272,0,0,0,0,0,0,0,0,0,0,0,0,0,5,5,0,2,1,9,0,0,0,0,0,0, ,0,0,0,0,0,0,0,0,0,0,4158,3,3488,0,0,0,0,0,0,37,0,0,0,0,0,0,0,0,0,0,0,0,0,0,0,0,0,0,0,0,0,0,0,0,0,0,0,0,0,1478726305231,3145728,0,0,0,0,0,0,0,0,0,0,0,3,0,0,0,0,0,1,0,0,0,0,0,0,0,0,0,0,0,0,0,0,0,0,1,3,43153232,2,0,0,0,0,0,0,0,0,0,0,0,0,0,0,0,0,0,0,0,0,0,0,0,0,0,0,0,0,0,0,0,0,0,0,0,0,0,0,0,0,0,0,0,0,0,0,0,0,0
2017-01-17 16:57:45.654 UTC,125,0,0,0,0,0,3159346,1160,13269,224,0,0,0,0,0,22,3,0,0,0,0,0,5,3,3,0,2,1,5,16,7,0,0,0,0, ,0,0,0,0,0,0,0,0,0,0,4158,3,3488,0,0,0,0,0,0,37,0,0,0,0,0,0,0,0,0,0,0,0,0,0,0,0,0,0,0,0,0,0,0,0,0,0,0,0,2,1484672265331,3145728,0,0,0,15,0,0,0,3,0,0,0,3,0,0,0,0,15,1,2048,1,0,0,0,0,92160,24,0,0,0,0,0,0,0,0,4,25,49495752,0,0,0,0,0,0,0,30,0,0,0,0,0,0,0,0,0,0,0,0,0,0,0,0,0,0,0,0,0,0,0,0,0,0,0,0,0,0,0,0,0,0,0,0,0,0,0,0,0,0
2017-01-17 16:58:45.662 UTC,125,0,0,0,0,0,3165736,1160,19659,224,0,0,0,0,0,11,2,0,0,0,0,0,0,5,5,0,2,1,9,11,4,0,0,0,0, ,0,0,0,0,0,0,0,0,0,0,4158,3,3488,0,0,0,0,0,0,37,0,0,0,0,0,0,0,0,0,0,0,0,0,0,0,0,0,0,0,0,0,0,0,0,0,0,0,0,0,1484672265331,3145728,0,0,0,13,0,0,0,0,0,0,0,3,0,0,0,0,13,1,0,0,0,0,0,0,26624,13,0,0,0,0,0,0,0,0,1,7,63284760,0,0,0,0,0,0,0,12,0,0,0,0,0,0,0,0,0,2,0,0,0,0,0,0,0,0,0,0,0,0,3,0,0,0,0,0,0,0,0,0,0,0,0,0,0,0,0,0,0,0
2017-01-17 16:59:45.669 UTC,125,0,0,0,0,0,3165736,1160,19659,224,0,0,0,0,0,0,0,0,0,0,0,0,0,5,5,0,2,1,9,0,0,0,0,0,0, ,0,0,0,0,0,0,0,0,0,0,4158,3,3488,0,0,0,0,0,0,37,0,0,0,0,0,0,0,0,0,0,0,0,0,0,0,0,0,0,0,0,0,0,0,0,0,0,0,0,0,1484672265331,3145728,0,0,0,0,0,0,0,0,0,0,0,3,0,0,0,0,0,1,0,0,0,0,0,0,0,0,0,0,0,0,0,0,0,0,0,0,69213784,0,0,0,0,0,0,0,0,0,0,0,0,0,0,0,0,0,0,0,0,0,0,0,0,0,0,0,0,0,0,0,0,0,0,0,0,0,0,0,0,0,0,0,0,0,0,0,0,0,0
2017-01-17 17:00:45.676 UTC,125,0,0,0,0,0,3165736,1160,19659,224,0,0,0,0,0,0,0,0,0,0,0,0,0,5,5,0,2,1,9,0,0,0,0,0,0, ,0,0,0,0,0,0,0,0,0,0,4158,3,3488,0,0,0,0,0,0,37,0,0,0,0,0,0,0,0,0,0,0,0,0,0,0,0,0,0,0,0,0,0,0,0,0,0,0,0,0,1484672265331,3145728,0,0,0,0,0,0,0,0,0,0,0,3,0,0,0,0,0,1,0,0,0,0,0,0,0,0,0,0,0,0,0,0,0,0,0,0,70717912,0,0,0,0,0,0,0,0,0,0,0,0,0,0,0,0,0,0,0,0,0,0,0,0,0,0,0,0,0,0,0,0,0,0,0,0,0,0,0,0,0,0,0,0,0,0,0,0,0,0
2017-01-17 17:01:45.683 UTC,125,0,0,0,0,0,3165736,1160,19659,224,0,0,0,0,0,0,0,0,0,0,0,0,0,5,5,0,2,1,9,0,0,0,0,0,0, ,0,0,0,0,0,0,0,0,0,0,4158,3,3488,0,0,0,0,0,0,37,0,0,0,0,0,0,0,0,0,0,0,0,0,0,0,0,0,0,0,0,0,0,0,0,0,0,0,0,0,1484672265331,3145728,0,0,0,0,0,0,0,0,0,0,0,3,0,0,0,0,0,1,0,0,0,0,0,0,0,0,0,0,0,0,0,0,0,0,0,0,72222264,0,0,0,0,0,0,0,0,0,0,0,0,0,0,0,0,0,0,0,0,0,0,0,0,0,0,0,0,0,0,0,0,0,0,0,0,0,0,0,0,0,0,0,0,0,0,0,0,0,0
2017-01-17 17:02:45.688 UTC,125,0,0,0,0,0,3165736,1160,19659,224,0,0,0,0,0,0,0,0,0,0,0,0,0,5,5,0,2,1,9,0,0,0,0,0,0, ,0,0,0,0,0,0,0,0,0,0,4158,3,3488,0,0,0,0,0,0,37,0,0,0,0,0,0,0,0,0,0,0,0,0,0,0,0,0,0,0,0,0,0,0,0,0,0,0,0,0,1484672265331,3145728,0,0,0,0,0,0,0,0,0,0,0,3,0,0,0,0,0,1,0,0,0,0,0,0,0,0,0,0,0,0,0,0,0,0,0,0,73072624,0,0,0,0,0,0,0,0,0,0,0,0,0,0,0,0,0,0,0,0,0,0,0,0,0,0,0,0,0,0,0,0,0,0,0,0,0,0,0,0,0,0,0,0,0,0,0,0,0,0
2017-01-17 17:03:45.694 UTC,125,0,0,0,0,0,3165736,1160,19659,224,0,0,0,0,0,0,0,0,0,0,0,0,0,5,5,0,2,1,9,0,0,0,0,0,0, ,0,0,0,0,0,0,0,0,0,0,4158,3,3488,0,0,0,0,0,0,37,0,0,0,0,0,0,0,0,0,0,0,0,0,0,0,0,0,0,0,0,0,0,0,0,0,0,0,0,0,1484672265331,3145728,0,0,0,0,0,0,0,0,0,0,0,3,0,0,0,0,0,1,0,0,0,0,0,0,0,0,0,0,0,0,0,0,0,0,0,0,74577136,0,0,0,0,0,0,0,0,0,0,0,0,0,0,0,0,0,0,0,0,0,0,0,0,0,0,0,0,0,0,0,0,0,0,0,0,0,0,0,0,0,0,0,0,0,0,0,0,0,0
2017-01-17 17:04:45.700 UTC,125,0,0,0,0,0,3165736,1160,19659,224,0,0,0,0,0,0,0,0,0,0,0,0,0,5,5,0,2,1,9,0,0,0,0,0,0, ,0,0,0,0,0,0,0,0,0,0,4158,3,3488,0,0,0,0,0,0,37,0,0,0,0,0,0,0,0,0,0,0,0,0,0,0,0,0,0,0,0,0,0,0,0,0,0,0,0,0,1484672265331,3145728,0,0,0,0,0,0,0,0,0,0,0,3,0,0,0,0,0,1,0,0,0,0,0,0,0,0,0,0,0,0,0,0,0,0,0,0,76081400,0,0,0,0,0,0,0,0,0,0,0,0,0,0,0,0,0,0,0,0,0,0,0,0,0,0,0,0,0,0,0,0,0,0,0,0,0,0,0,0,0,0,0,0,0,0,0,0,0,0
2017-01-17 17:05:45.705 UTC,125,0,0,0,0,0,3165736,1160,19659,224,0,0,0,0,0,0,0,0,0,0,0,0,0,5,5,0,2,1,9,0,0,0,0,0,0, ,0,0,0,0,0,0,0,0,0,0,4158,3,3488,0,0,0,0,0,0,37,0,0,0,0,0,0,0,0,0,0,0,0,0,0,0,0,0,0,0,0,0,0,0,0,0,0,0,0,0,1484672265331,3145728,0,0,0,0,0,0,0,0,0,0,0,3,0,0,0,0,0,1,0,0,0,0,0,0,0,0,0,0,0,0,0,0,0,0,1,13,15314528,0,0,0,0,0,0,0,0,0,0,0,0,0,0,0,0,0,0,0,0,0,0,0,0,0,0,0,0,0,0,0,0,0,0,0,0,0,0,0,0,0,0,0,0,0,0,0,0,0,0
2017-01-17 17:06:45.711 UTC,125,0,0,0,0,0,3165736,1160,19659,224,0,0,0,0,0,0,0,0,0,0,0,0,0,5,5,0,2,1,9,0,0,0,0,0,0, ,0,0,0,0,0,0,0,0,0,0,4158,3,3488,0,0,0,0,0,0,37,0,0,0,0,0,0,0,0,0,0,0,0,0,0,0,0,0,0,0,0,0,0,0,0,0,0,0,0,0,1484672265331,3145728,0,0,0,0,0,0,0,0,0,0,0,3,0,0,0,0,0,1,0,0,0,0,0,0,0,0,0,0,0,0,0,0,0,0,0,0,17155712,0,0,0,0,0,0,0,0,0,0,0,0,0,0,0,0,0,0,0,0,0,0,0,0,0,0,0,0,0,0,0,0,0,0,0,0,0,0,0,0,0,0,0,0,0,0,0,0,0,0
2017-01-17 17:07:45.716 UTC,125,0,0,0,0,0,3165736,1160,19659,224,0,0,0,0,0,0,0,0,0,0,0,0,0,5,5,0,2,1,9,0,0,0,0,0,0, ,0,0,0,0,0,0,0,0,0,0,4158,3,3488,0,0,0,0,0,0,37,0,0,0,0,0,0,0,0,0,0,0,0,0,0,0,0,0,0,0,0,0,0,0,0,0,0,0,0,0,1484672265331,3145728,0,0,0,0,0,0,0,0,0,0,0,3,0,0,0,0,0,1,0,0,0,0,0,0,0,0,0,0,0,0,0,0,0,0,0,0,19005104,0,0,0,0,0,0,0,0,0,0,0,0,0,0,0,0,0,0,0,0,0,0,0,0,0,0,0,0,0,0,0,0,0,0,0,0,0,0,0,0,0,0,0,0,0,0,0,0,0,0
2017-01-17 17:08:45.721 UTC,125,0,0,0,0,0,3165736,1160,19659,224,0,0,0,0,0,0,0,0,0,0,0,0,0,5,5,0,2,1,9,0,0,0,0,0,0, ,0,0,0,0,0,0,0,0,0,0,4158,3,3488,0,0,0,0,0,0,37,0,0,0,0,0,0,0,0,0,0,0,0,0,0,0,0,0,0,0,0,0,0,0,0,0,0,0,0,0,1484672265331,3145728,0,0,0,0,0,0,0,0,0,0,0,3,0,0,0,0,0,1,0,0,0,0,0,0,0,0,0,0,0,0,0,0,0,0,0,0,22167896,0,0,0,0,0,0,0,0,0,0,0,0,0,0,0,0,0,0,0,0,0,0,0,0,0,0,0,0,0,0,0,0,0,0,0,0,0,0,0,0,0,0,0,0,0,0,0,0,0,0
2017-01-17 17:09:45.727 UTC,125,0,0,0,0,0,3165736,1160,19659,224,0,0,0,0,0,0,0,0,0,0,0,0,0,5,5,0,2,1,9,0,0,0,0,0,0, ,0,0,0,0,0,0,0,0,0,0,4158,3,3488,0,0,0,0,0,0,37,0,0,0,0,0,0,0,0,0,0,0,0,0,0,0,0,0,0,0,0,0,0,0,0,0,0,0,0,0,1484672265331,3145728,0,0,0,0,0,0,0,0,0,0,0,3,0,0,0,0,0,1,0,0,0,0,0,0,0,0,0,0,0,0,0,0,0,0,0,0,25127816,0,0,0,0,0,0,0,0,0,0,0,0,0,0,0,0,0,0,0,0,0,0,0,0,0,0,0,0,0,0,0,0,0,0,0,0,0,0,0,0,0,0,0,0,0,0,0,0,0,0
2017-01-17 17:10:45.732 UTC,125,0,0,0,0,0,3165736,1160,19659,224,0,0,0,0,0,0,0,0,0,0,0,0,0,5,5,0,2,1,9,0,0,0,0,0,0, ,0,0,0,0,0,0,0,0,0,0,4158,3,3488,0,0,0,0,0,0,37,0,0,0,0,0,0,0,0,0,0,0,0,0,0,0,0,0,0,0,0,0,0,0,0,0,0,0,0,0,1484672265331,3145728,0,0,0,0,0,0,0,0,0,0,0,3,0,0,0,0,0,1,0,0,0,0,0,0,0,0,0,0,0,0,0,0,0,0,0,0,27083768,0,0,0,0,0,0,0,0,0,0,0,0,0,0,0,0,0,0,0,0,0,0,0,0,0,0,0,0,0,0,0,0,0,0,0,0,0,0,0,0,0,0,0,0,0,0,0,0,0,0
2017-01-17 17:11:45.738 UTC,125,0,0,0,0,0,3165736,1160,19659,224,0,0,0,0,0,0,0,0,0,0,0,0,0,5,5,0,2,1,9,0,0,0,0,0,0, ,0,0,0,0,0,0,0,0,0,0,4158,3,3488,0,0,0,0,0,0,37,0,0,0,0,0,0,0,0,0,0,0,0,0,0,0,0,0,0,0,0,0,0,0,0,0,0,0,0,0,1484672265331,3145728,0,0,0,0,0,0,0,0,0,0,0,3,0,0,0,0,0,1,0,0,0,0,0,0,0,0,0,0,0,0,0,0,0,0,0,0,28009136,0,0,0,0,0,0,0,0,0,0,0,0,0,0,0,0,0,0,0,0,0,0,0,0,0,0,0,0,0,0,0,0,0,0,0,0,0,0,0,0,0,0,0,0,0,0,0,0,0,0
2017-01-17 17:12:45.746 UTC,125,0,0,0,0,0,3165736,1160,19659,224,0,0,0,0,0,0,0,0,0,0,0,0,0,5,5,0,2,1,9,0,0,0,0,0,0, ,0,0,0,0,0,0,0,0,0,0,4158,3,3488,0,0,0,0,0,0,37,0,0,0,0,0,0,0,0,0,0,0,0,0,0,0,0,0,0,0,0,0,0,0,0,0,0,0,0,0,1484672265331,3145728,0,0,0,0,0,0,0,0,0,0,0,3,0,0,0,0,0,1,0,0,0,0,0,0,0,0,0,0,0,0,0,0,0,0,0,0,28929960,0,0,0,0,0,0,0,0,0,0,0,0,0,0,0,0,0,0,0,0,0,0,0,0,0,0,0,0,0,0,0,0,0,0,0,0,0,0,0,0,0,0,0,0,0,0,0,0,0,0
2017-01-17 17:13:45.751 UTC,125,0,0,0,0,0,3165736,1160,19659,224,0,0,0,0,0,0,0,0,0,0,0,0,0,5,5,0,2,1,9,0,0,0,0,0,0, ,0,0,0,0,0,0,0,0,0,0,4158,3,3488,0,0,0,0,0,0,37,0,0,0,0,0,0,0,0,0,0,0,0,0,0,0,0,0,0,0,0,0,0,0,0,0,0,0,0,0,1484672265331,3145728,0,0,0,0,0,0,0,0,0,0,0,3,0,0,0,0,0,1,0,0,0,0,0,0,0,0,0,0,0,0,0,0,0,0,0,0,31035984,0,0,0,0,0,0,0,0,0,0,0,0,0,0,0,0,0,0,0,0,0,0,0,0,0,0,0,0,0,0,0,0,0,0,0,0,0,0,0,0,0,0,0,0,0,0,0,0,0,0
2017-01-17 17:14:45.757 UTC,125,0,0,0,0,0,3165736,1160,19659,224,0,0,0,0,0,0,0,0,0,0,0,0,0,5,5,0,2,1,9,0,0,0,0,0,0, ,0,0,0,0,0,0,0,0,0,0,4158,3,3488,0,0,0,0,0,0,37,0,0,0,0,0,0,0,0,0,0,0,0,0,0,0,0,0,0,0,0,0,0,0,0,0,0,0,0,0,1484672265331,3145728,0,0,0,0,0,0,0,0,0,0,0,3,0,0,0,0,0,1,0,0,0,0,0,0,0,0,0,0,0,0,0,0,0,0,0,0,31961408,0,0,0,0,0,0,0,0,0,0,0,0,0,0,0,0,0,0,0,0,0,0,0,0,0,0,0,0,0,0,0,0,0,0,0,0,0,0,0,0,0,0,0,0,0,0,0,0,0,0
2017-01-17 17:15:45.762 UTC,125,0,0,0,0,0,3165736,1160,19659,224,0,0,0,0,0,0,0,0,0,0,0,0,0,5,5,0,2,1,9,0,0,0,0,0,0, ,0,0,0,0,0,0,0,0,0,0,4158,3,3488,0,0,0,0,0,0,37,0,0,0,0,0,0,0,0,0,0,0,0,0,0,0,0,0,0,0,0,0,0,0,0,0,0,0,0,0,1484672265331,3145728,0,0,0,0,0,0,0,0,0,0,0,3,0,0,0,0,0,1,0,0,0,0,0,0,0,0,0,0,0,0,0,0,0,0,0,0,32879672,0,0,0,0,0,0,0,0,0,0,0,0,0,0,0,0,0,0,0,0,0,0,0,0,0,0,0,0,0,0,0,0,0,0,0,0,0,0,0,0,0,0,0,0,0,0,0,0,0,0
2017-01-17 17:16:45.767 UTC,125,0,0,0,0,0,3165736,1160,19659,224,0,0,0,0,0,0,0,0,0,0,0,0,0,5,5,0,2,1,9,0,0,0,0,0,0, ,0,0,0,0,0,0,0,0,0,0,4158,3,3488,0,0,0,0,0,0,37,0,0,0,0,0,0,0,0,0,0,0,0,0,0,0,0,0,0,0,0,0,0,0,0,0,0,0,0,0,1484672265331,3145728,0,0,0,0,0,0,0,0,0,0,0,3,0,0,0,0,0,1,0,0,0,0,0,0,0,0,0,0,0,0,0,0,0,0,0,0,34978600,0,0,0,0,0,0,0,0,0,0,0,0,0,0,0,0,0,0,0,0,0,0,0,0,0,0,0,0,0,0,0,0,0,0,0,0,0,0,0,0,0,0,0,0,0,0,0,0,0,0
2017-01-17 17:17:45.772 UTC,125,0,0,0,0,0,3165736,1160,19659,224,0,0,0,0,0,0,0,0,0,0,0,0,0,5,5,0,2,1,9,0,0,0,0,0,0, ,0,0,0,0,0,0,0,0,0,0,4158,3,3488,0,0,0,0,0,0,37,0,0,0,0,0,0,0,0,0,0,0,0,0,0,0,0,0,0,0,0,0,0,0,0,0,0,0,0,0,1484672265331,3145728,0,0,0,0,0,0,0,0,0,0,0,3,0,0,0,0,0,1,0,0,0,0,0,0,0,0,0,0,0,0,0,0,0,0,0,0,35896968,0,0,0,0,0,0,0,0,0,0,0,0,0,0,0,0,0,0,0,0,0,0,0,0,0,0,0,0,0,0,0,0,0,0,0,0,0,0,0,0,0,0,0,0,0,0,0,0,0,0
2017-01-17 17:18:45.777 UTC,125,0,0,0,0,0,3165736,1160,19659,224,0,0,0,0,0,0,0,0,0,0,0,0,0,5,5,0,2,1,9,0,0,0,0,0,0, ,0,0,0,0,0,0,0,0,0,0,4158,3,3488,0,0,0,0,0,0,37,0,0,0,0,0,0,0,0,0,0,0,0,0,0,0,0,0,0,0,0,0,0,0,0,0,0,0,0,0,1484672265331,3145728,0,0,0,0,0,0,0,0,0,0,0,3,0,0,0,0,0,1,0,0,0,0,0,0,0,0,0,0,0,0,0,0,0,0,0,0,38115256,0,0,0,0,0,0,0,0,0,0,0,0,0,0,0,0,0,0,0,0,0,0,0,0,0,0,0,0,0,0,0,0,0,0,0,0,0,0,0,0,0,0,0,0,0,0,0,0,0,0
2017-01-17 17:19:45.782 UTC,125,0,0,0,0,0,3165736,1160,19659,224,0,0,0,0,0,0,0,0,0,0,0,0,0,5,5,0,2,1,9,0,0,0,0,0,0, ,0,0,0,0,0,0,0,0,0,0,4158,3,3488,0,0,0,0,0,0,37,0,0,0,0,0,0,0,0,0,0,0,0,0,0,0,0,0,0,0,0,0,0,0,0,0,0,0,0,0,1484672265331,3145728,0,0,0,0,0,0,0,0,0,0,0,3,0,0,0,0,0,1,0,0,0,0,0,0,0,0,0,0,0,0,0,0,0,0,0,0,38843664,0,0,0,0,0,0,0,0,0,0,0,0,0,0,0,0,0,0,0,0,0,0,0,0,0,0,0,0,0,0,0,0,0,0,0,0,0,0,0,0,0,0,0,0,0,0,0,0,0,0
2017-01-17 17:20:45.786 UTC,125,0,0,0,0,0,3165736,1160,19659,224,0,0,0,0,0,0,0,0,0,0,0,0,0,5,5,0,2,1,9,0,0,0,0,0,0, ,0,0,0,0,0,0,0,0,0,0,4158,3,3488,0,0,0,0,0,0,37,0,0,0,0,0,0,0,0,0,0,0,0,0,0,0,0,0,0,0,0,0,0,0,0,0,0,0,0,0,1484672265331,3145728,0,0,0,0,0,0,0,0,0,0,0,3,0,0,0,0,0,1,0,0,0,0,0,0,0,0,0,0,0,0,0,0,0,0,0,0,41123568,0,0,0,0,0,0,0,0,0,0,0,0,0,0,0,0,0,0,0,0,0,0,0,0,0,0,0,0,0,0,0,0,0,0,0,0,0,0,0,0,0,0,0,0,0,0,0,0,0,0
2017-01-17 17:21:45.791 UTC,125,0,0,0,0,0,3165736,1160,19659,224,0,0,0,0,0,0,0,0,0,0,0,0,0,5,5,0,2,1,9,0,0,0,0,0,0, ,0,0,0,0,0,0,0,0,0,0,4158,3,3488,0,0,0,0,0,0,37,0,0,0,0,0,0,0,0,0,0,0,0,0,0,0,0,0,0,0,0,0,0,0,0,0,0,0,0,0,1484672265331,3145728,0,0,0,0,0,0,0,0,0,0,0,3,0,0,0,0,0,1,0,0,0,0,0,0,0,0,0,0,0,0,0,0,0,0,0,0,42041056,0,0,0,0,0,0,0,0,0,0,0,0,0,0,0,0,0,0,0,0,0,0,0,0,0,0,0,0,0,0,0,0,0,0,0,0,0,0,0,0,0,0,0,0,0,0,0,0,0,0
2017-01-17 17:22:45.796 UTC,125,0,0,0,0,0,3165736,1160,19659,224,0,0,0,0,0,0,0,0,0,0,0,0,0,5,5,0,2,1,9,0,0,0,0,0,0, ,0,0,0,0,0,0,0,0,0,0,4158,3,3488,0,0,0,0,0,0,37,0,0,0,0,0,0,0,0,0,0,0,0,0,0,0,0,0,0,0,0,0,0,0,0,0,0,0,0,0,1484672265331,3145728,0,0,0,0,0,0,0,0,0,0,0,3,0,0,0,0,0,1,0,0,0,0,0,0,0,0,0,0,0,0,0,0,0,0,0,0,42717216,0,0,0,0,0,0,0,0,0,0,0,0,0,0,0,0,0,0,0,0,0,0,0,0,0,0,0,0,0,0,0,0,0,0,0,0,0,0,0,0,0,0,0,0,0,0,0,0,0,0
2017-01-17 17:23:45.800 UTC,125,0,0,0,0,0,3165736,1160,19659,224,0,0,0,0,0,0,0,0,0,0,0,0,0,5,5,0,2,1,9,0,0,0,0,0,0, ,0,0,0,0,0,0,0,0,0,0,4158,3,3488,0,0,0,0,0,0,37,0,0,0,0,0,0,0,0,0,0,0,0,0,0,0,0,0,0,0,0,0,0,0,0,0,0,0,0,0,1484672265331,3145728,0,0,0,0,0,0,0,0,0,0,0,3,0,0,0,0,0,1,0,0,0,0,0,0,0,0,0,0,0,0,0,0,0,0,0,0,44084448,0,0,0,0,0,0,0,0,0,0,0,0,0,0,0,0,0,0,0,0,0,0,0,0,0,0,0,0,0,0,0,0,0,0,0,0,0,0,0,0,0,0,0,0,0,0,0,0,0,0
2017-01-17 17:24:45.804 UTC,125,0,0,0,0,0,3165736,1160,19659,224,0,0,0,0,0,0,0,0,0,0,0,0,0,5,5,0,2,1,9,0,0,0,0,0,0, ,0,0,0,0,0,0,0,0,0,0,4158,3,3488,0,0,0,0,0,0,37,0,0,0,0,0,0,0,0,0,0,0,0,0,0,0,0,0,0,0,0,0,0,0,0,0,0,0,0,0,1484672265331,3145728,0,0,0,0,0,0,0,0,0,0,0,3,0,0,0,0,0,1,0,0,0,0,0,0,0,0,0,0,0,0,0,0,0,0,0,0,44278240,0,0,0,0,0,0,0,0,0,0,0,0,0,0,0,0,0,0,0,0,0,0,0,0,0,0,0,0,0,0,0,0,0,0,0,0,0,0,0,0,0,0,0,0,0,0,0,0,0,0
2017-01-17 17:25:45.809 UTC,125,0,0,0,0,0,3165736,1160,19659,224,0,0,0,0,0,0,0,0,0,0,0,0,0,5,5,0,2,1,9,0,0,0,0,0,0, ,0,0,0,0,0,0,0,0,0,0,4158,3,3488,0,0,0,0,0,0,37,0,0,0,0,0,0,0,0,0,0,0,0,0,0,0,0,0,0,0,0,0,0,0,0,0,0,0,0,0,1484672265331,3145728,0,0,0,0,0,0,0,0,0,0,0,3,0,0,0,0,0,1,0,0,0,0,0,0,0,0,0,0,0,0,0,0,0,0,0,0,44472064,0,0,0,0,0,0,0,0,0,0,0,0,0,0,0,0,0,0,0,0,0,0,0,0,0,0,0,0,0,0,0,0,0,0,0,0,0,0,0,0,0,0,0,0,0,0,0,0,0,0
2017-01-17 17:26:45.813 UTC,125,0,0,0,0,0,3165736,1160,19659,224,0,0,0,0,0,0,0,0,0,0,0,0,0,5,5,0,2,1,9,0,0,0,0,0,0, ,0,0,0,0,0,0,0,0,0,0,4158,3,3488,0,0,0,0,0,0,37,0,0,0,0,0,0,0,0,0,0,0,0,0,0,0,0,0,0,0,0,0,0,0,0,0,0,0,0,0,1484672265331,3145728,0,0,0,0,0,0,0,0,0,0,0,3,0,0,0,0,0,1,0,0,0,0,0,0,0,0,0,0,0,0,0,0,0,0,0,0,44476680,0,0,0,0,0,0,0,0,0,0,0,0,0,0,0,0,0,0,0,0,0,0,0,0,0,0,0,0,0,0,0,0,0,0,0,0,0,0,0,0,0,0,0,0,0,0,0,0,0,0
2017-01-17 17:27:45.818 UTC,125,0,0,0,0,0,3165736,1160,19659,224,0,0,0,0,0,0,0,0,0,0,0,0,0,5,5,0,2,1,9,0,0,0,0,0,0, ,0,0,0,0,0,0,0,0,0,0,4158,3,3488,0,0,0,0,0,0,37,0,0,0,0,0,0,0,0,0,0,0,0,0,0,0,0,0,0,0,0,0,0,0,0,0,0,0,0,0,1484672265331,3145728,0,0,0,0,0,0,0,0,0,0,0,3,0,0,0,0,0,1,0,0,0,0,0,0,0,0,0,0,0,0,0,0,0,0,0,0,46033056,0,0,0,0,0,0,0,0,0,0,0,0,0,0,0,0,0,0,0,0,0,0,0,0,0,0,0,0,0,0,0,0,0,0,0,0,0,0,0,0,0,0,0,0,0,0,0,0,0,0
2017-01-17 17:28:45.822 UTC,125,0,0,0,0,0,3165736,1160,19659,224,0,0,0,0,0,0,0,0,0,0,0,0,0,5,5,0,2,1,9,0,0,0,0,0,0, ,0,0,0,0,0,0,0,0,0,0,4158,3,3488,0,0,0,0,0,0,37,0,0,0,0,0,0,0,0,0,0,0,0,0,0,0,0,0,0,0,0,0,0,0,0,0,0,0,0,0,1484672265331,3145728,0,0,0,0,0,0,0,0,0,0,0,3,0,0,0,0,0,1,0,0,0,0,0,0,0,0,0,0,0,0,0,0,0,0,0,0,46235008,0,0,0,0,0,0,0,0,0,0,0,0,0,0,0,0,0,0,0,0,0,0,0,0,0,0,0,0,0,0,0,0,0,0,0,0,0,0,0,0,0,0,0,0,0,0,0,0,0,0
2017-01-17 17:29:45.827 UTC,125,0,0,0,0,0,3165736,1160,19659,224,0,0,0,0,0,0,0,0,0,0,0,0,0,5,5,0,2,1,9,0,0,0,0,0,0, ,0,0,0,0,0,0,0,0,0,0,4158,3,3488,0,0,0,0,0,0,37,0,0,0,0,0,0,0,0,0,0,0,0,0,0,0,0,0,0,0,0,0,0,0,0,0,0,0,0,0,1484672265331,3145728,0,0,0,0,0,0,0,0,0,0,0,3,0,0,0,0,0,1,0,0,0,0,0,0,0,0,0,0,0,0,0,0,0,0,0,0,46239696,0,0,0,0,0,0,0,0,0,0,0,0,0,0,0,0,0,0,0,0,0,0,0,0,0,0,0,0,0,0,0,0,0,0,0,0,0,0,0,0,0,0,0,0,0,0,0,0,0,0
2017-01-17 17:30:45.832 UTC,125,0,0,0,0,0,3165736,1160,19659,224,0,0,0,0,0,0,0,0,0,0,0,0,0,5,5,0,2,1,9,0,0,0,0,0,0, ,0,0,0,0,0,0,0,0,0,0,4158,3,3488,0,0,0,0,0,0,37,0,0,0,0,0,0,0,0,0,0,0,0,0,0,0,0,0,0,0,0,0,0,0,0,0,0,0,0,0,1484672265331,3145728,0,0,0,0,0,0,0,0,0,0,0,3,0,0,0,0,0,1,0,0,0,0,0,0,0,0,0,0,0,0,0,0,0,0,0,0,46433432,0,0,0,0,0,0,0,0,0,0,0,0,0,0,0,0,0,0,0,0,0,0,0,0,0,0,0,0,0,0,0,0,0,0,0,0,0,0,0,0,0,0,0,0,0,0,0,0,0,0
2017-01-17 17:31:45.836 UTC,125,0,0,0,0,0,3165736,1160,19659,224,0,0,0,0,0,0,0,0,0,0,0,0,0,5,5,0,2,1,9,0,0,0,0,0,0, ,0,0,0,0,0,0,0,0,0,0,4158,3,3488,0,0,0,0,0,0,37,0,0,0,0,0,0,0,0,0,0,0,0,0,0,0,0,0,0,0,0,0,0,0,0,0,0,0,0,0,1484672265331,3145728,0,0,0,0,0,0,0,0,0,0,0,3,0,0,0,0,0,1,0,0,0,0,0,0,0,0,0,0,0,0,0,0,0,0,0,0,47989712,0,0,0,0,0,0,0,0,0,0,0,0,0,0,0,0,0,0,0,0,0,0,0,0,0,0,0,0,0,0,0,0,0,0,0,0,0,0,0,0,0,0,0,0,0,0,0,0,0,0
2017-01-17 19:36:10.795 UTC,125,0,0,0,0,0,3159346,1160,13269,224,0,0,0,0,0,22,3,0,0,0,0,0,5,3,3,0,2,1,5,16,7,0,0,0,0, ,0,0,0,0,0,0,0,0,0,0,4158,3,3488,0,0,0,0,0,0,37,0,0,0,0,0,0,0,0,0,0,0,0,0,0,0,0,0,0,0,0,0,0,0,0,0,0,0,0,2,1484681770536,3145728,0,0,0,15,0,0,0,3,0,0,0,3,0,0,0,0,15,1,2048,1,0,0,0,0,92160,24,0,0,0,0,0,0,0,0,4,23,33915176,0,0,0,0,0,0,0,30,0,0,0,0,0,0,0,0,0,0,0,0,0,0,0,0,0,0,0,0,0,0,0,0,0,0,0,0,0,0,0,0,0,0,0,0,0,0,0,0,0,0
2017-01-17 19:37:10.801 UTC,125,0,0,0,0,0,3165736,1160,19659,224,0,0,0,0,0,11,2,0,0,0,0,0,0,5,5,0,2,1,9,11,4,0,0,0,0, ,0,0,0,0,0,0,0,0,0,0,4158,3,3488,0,0,0,0,0,0,37,0,0,0,0,0,0,0,0,0,0,0,0,0,0,0,0,0,0,0,0,0,0,0,0,0,0,0,0,0,1484681770536,3145728,0,0,0,13,0,0,0,0,0,0,0,3,0,0,0,0,13,1,0,0,0,0,0,0,26624,13,0,0,0,0,0,0,0,0,1,6,47490600,0,0,0,0,0,0,0,12,0,0,0,0,0,0,0,0,0,2,0,0,0,0,0,0,0,0,0,0,0,0,3,0,0,0,0,0,0,0,0,0,0,0,0,0,0,0,0,0,0,0
2017-01-17 19:38:10.807 UTC,125,0,0,0,0,0,3165736,1160,19659,224,0,0,0,0,0,0,0,0,0,0,0,0,0,5,5,0,2,1,9,0,0,0,0,0,0, ,0,0,0,0,0,0,0,0,0,0,4158,3,3488,0,0,0,0,0,0,37,0,0,0,0,0,0,0,0,0,0,0,0,0,0,0,0,0,0,0,0,0,0,0,0,0,0,0,0,0,1484681770536,3145728,0,0,0,0,0,0,0,0,0,0,0,3,0,0,0,0,0,1,0,0,0,0,0,0,0,0,0,0,0,0,0,0,0,0,0,0,48945352,0,0,0,0,0,0,0,0,0,0,0,0,0,0,0,0,0,0,0,0,0,0,0,0,0,0,0,0,0,0,0,0,0,0,0,0,0,0,0,0,0,0,0,0,0,0,0,0,0,0
2017-01-17 19:39:10.813 UTC,125,0,0,0,0,0,3165736,1160,19659,224,0,0,0,0,0,0,0,0,0,0,0,0,0,5,5,0,2,1,9,0,0,0,0,0,0, ,0,0,0,0,0,0,0,0,0,0,4158,3,3488,0,0,0,0,0,0,37,0,0,0,0,0,0,0,0,0,0,0,0,0,0,0,0,0,0,0,0,0,0,0,0,0,0,0,0,0,1484681770536,3145728,0,0,0,0,0,0,0,0,0,0,0,3,0,0,0,0,0,1,0,0,0,0,0,0,0,0,0,0,0,0,0,0,0,0,0,0,50399992,0,0,0,0,0,0,0,0,0,0,0,0,0,0,0,0,0,0,0,0,0,0,0,0,0,0,0,0,0,0,0,0,0,0,0,0,0,0,0,0,0,0,0,0,0,0,0,0,0,0
2017-01-17 19:40:10.819 UTC,125,0,0,0,0,0,3165736,1160,19659,224,0,0,0,0,0,0,0,0,0,0,0,0,0,5,5,0,2,1,9,0,0,0,0,0,0, ,0,0,0,0,0,0,0,0,0,0,4158,3,3488,0,0,0,0,0,0,37,0,0,0,0,0,0,0,0,0,0,0,0,0,0,0,0,0,0,0,0,0,0,0,0,0,0,0,0,0,1484681770536,3145728,0,0,0,0,0,0,0,0,0,0,0,3,0,0,0,0,0,1,0,0,0,0,0,0,0,0,0,0,0,0,0,0,0,0,0,0,51250472,0,0,0,0,0,0,0,0,0,0,0,0,0,0,0,0,0,0,0,0,0,0,0,0,0,0,0,0,0,0,0,0,0,0,0,0,0,0,0,0,0,0,0,0,0,0,0,0,0,0
2017-01-17 19:41:10.825 UTC,125,0,0,0,0,0,3165736,1160,19659,224,0,0,0,0,0,0,0,0,0,0,0,0,0,5,5,0,2,1,9,0,0,0,0,0,0, ,0,0,0,0,0,0,0,0,0,0,4158,3,3488,0,0,0,0,0,0,37,0,0,0,0,0,0,0,0,0,0,0,0,0,0,0,0,0,0,0,0,0,0,0,0,0,0,0,0,0,1484681770536,3145728,0,0,0,0,0,0,0,0,0,0,0,3,0,0,0,0,0,1,0,0,0,0,0,0,0,0,0,0,0,0,0,0,0,0,0,0,57581632,0,0,0,0,0,0,0,0,0,0,0,0,0,0,0,0,0,0,0,0,0,0,0,0,0,0,0,0,0,0,0,0,0,0,0,0,0,0,0,0,0,0,0,0,0,0,0,0,0,0
2017-01-17 19:42:10.830 UTC,125,0,0,0,0,0,3165736,1160,19659,224,0,0,0,0,0,0,0,0,0,0,0,0,0,5,5,0,2,1,9,0,0,0,0,0,0, ,0,0,0,0,0,0,0,0,0,0,4158,3,3488,0,0,0,0,0,0,37,0,0,0,0,0,0,0,0,0,0,0,0,0,0,0,0,0,0,0,0,0,0,0,0,0,0,0,0,0,1484681770536,3145728,0,0,0,0,0,0,0,0,0,0,0,3,0,0,0,0,0,1,0,0,0,0,0,0,0,0,0,0,0,0,0,0,0,0,0,0,59036520,0,0,0,0,0,0,0,0,0,0,0,0,0,0,0,0,0,0,0,0,0,0,0,0,0,0,0,0,0,0,0,0,0,0,0,0,0,0,0,0,0,0,0,0,0,0,0,0,0,0
2017-01-17 19:43:10.835 UTC,125,0,0,0,0,0,3165736,1160,19659,224,0,0,0,0,0,0,0,0,0,0,0,0,0,5,5,0,2,1,9,0,0,0,0,0,0, ,0,0,0,0,0,0,0,0,0,0,4158,3,3488,0,0,0,0,0,0,37,0,0,0,0,0,0,0,0,0,0,0,0,0,0,0,0,0,0,0,0,0,0,0,0,0,0,0,0,0,1484681770536,3145728,0,0,0,0,0,0,0,0,0,0,0,3,0,0,0,0,0,1,0,0,0,0,0,0,0,0,0,0,0,0,0,0,0,0,0,0,60491152,0,0,0,0,0,0,0,0,0,0,0,0,0,0,0,0,0,0,0,0,0,0,0,0,0,0,0,0,0,0,0,0,0,0,0,0,0,0,0,0,0,0,0,0,0,0,0,0,0,0
2017-01-17 19:44:10.840 UTC,125,0,0,0,0,0,3165736,1160,19659,224,0,0,0,0,0,0,0,0,0,0,0,0,0,5,5,0,2,1,9,0,0,0,0,0,0, ,0,0,0,0,0,0,0,0,0,0,4158,3,3488,0,0,0,0,0,0,37,0,0,0,0,0,0,0,0,0,0,0,0,0,0,0,0,0,0,0,0,0,0,0,0,0,0,0,0,0,1484681770536,3145728,0,0,0,0,0,0,0,0,0,0,0,3,0,0,0,0,0,1,0,0,0,0,0,0,0,0,0,0,0,0,0,0,0,0,0,0,61341576,0,0,0,0,0,0,0,0,0,0,0,0,0,0,0,0,0,0,0,0,0,0,0,0,0,0,0,0,0,0,0,0,0,0,0,0,0,0,0,0,0,0,0,0,0,0,0,0,0,0
2017-01-17 19:45:10.845 UTC,125,0,0,0,0,0,3165736,1160,19659,224,0,0,0,0,0,0,0,0,0,0,0,0,0,5,5,0,2,1,9,0,0,0,0,0,0, ,0,0,0,0,0,0,0,0,0,0,4158,3,3488,0,0,0,0,0,0,37,0,0,0,0,0,0,0,0,0,0,0,0,0,0,0,0,0,0,0,0,0,0,0,0,0,0,0,0,0,1484681770536,3145728,0,0,0,0,0,0,0,0,0,0,0,3,0,0,0,0,0,1,0,0,0,0,0,0,0,0,0,0,0,0,0,0,0,0,0,0,66580448,0,0,0,0,0,0,0,0,0,0,0,0,0,0,0,0,0,0,0,0,0,0,0,0,0,0,0,0,0,0,0,0,0,0,0,0,0,0,0,0,0,0,0,0,0,0,0,0,0,0
2017-01-17 19:46:10.850 UTC,125,0,0,0,0,0,3165736,1160,19659,224,0,0,0,0,0,0,0,0,0,0,0,0,0,5,5,0,2,1,9,0,0,0,0,0,0, ,0,0,0,0,0,0,0,0,0,0,4158,3,3488,0,0,0,0,0,0,37,0,0,0,0,0,0,0,0,0,0,0,0,0,0,0,0,0,0,0,0,0,0,0,0,0,0,0,0,0,1484681770536,3145728,0,0,0,0,0,0,0,0,0,0,0,3,0,0,0,0,0,1,0,0,0,0,0,0,0,0,0,0,0,0,0,0,0,0,1,11,49206960,0,0,0,0,0,0,0,0,0,0,0,0,0,0,0,0,0,0,0,0,0,0,0,0,0,0,0,0,0,0,0,0,0,0,0,0,0,0,0,0,0,0,0,0,0,0,0,0,0,0
2017-01-17 19:47:10.855 UTC,125,0,0,0,0,0,3165736,1160,19659,224,0,0,0,0,0,0,0,0,0,0,0,0,0,5,5,0,2,1,9,0,0,0,0,0,0, ,0,0,0,0,0,0,0,0,0,0,4158,3,3488,0,0,0,0,0,0,37,0,0,0,0,0,0,0,0,0,0,0,0,0,0,0,0,0,0,0,0,0,0,0,0,0,0,0,0,0,1484681770536,3145728,0,0,0,0,0,0,0,0,0,0,0,3,0,0,0,0,0,1,0,0,0,0,0,0,0,0,0,0,0,0,0,0,0,0,0,0,51988544,0,0,0,0,0,0,0,0,0,0,0,0,0,0,0,0,0,0,0,0,0,0,0,0,0,0,0,0,0,0,0,0,0,0,0,0,0,0,0,0,0,0,0,0,0,0,0,0,0,0
2017-01-17 19:48:10.861 UTC,125,0,0,0,0,0,3165736,1160,19659,224,0,0,0,0,0,0,0,0,0,0,0,0,0,5,5,0,2,1,9,0,0,0,0,0,0, ,0,0,0,0,0,0,0,0,0,0,4158,3,3488,0,0,0,0,0,0,37,0,0,0,0,0,0,0,0,0,0,0,0,0,0,0,0,0,0,0,0,0,0,0,0,0,0,0,0,0,1484681770536,3145728,0,0,0,0,0,0,0,0,0,0,0,3,0,0,0,0,0,1,0,0,0,0,0,0,0,0,0,0,0,0,0,0,0,0,0,0,53768504,0,0,0,0,0,0,0,0,0,0,0,0,0,0,0,0,0,0,0,0,0,0,0,0,0,0,0,0,0,0,0,0,0,0,0,0,0,0,0,0,0,0,0,0,0,0,0,0,0,0
2017-01-17 19:49:10.866 UTC,125,0,0,0,0,0,3165736,1160,19659,224,0,0,0,0,0,0,0,0,0,0,0,0,0,5,5,0,2,1,9,0,0,0,0,0,0, ,0,0,0,0,0,0,0,0,0,0,4158,3,3488,0,0,0,0,0,0,37,0,0,0,0,0,0,0,0,0,0,0,0,0,0,0,0,0,0,0,0,0,0,0,0,0,0,0,0,0,1484681770536,3145728,0,0,0,0,0,0,0,0,0,0,0,3,0,0,0,0,0,1,0,0,0,0,0,0,0,0,0,0,0,0,0,0,0,0,0,0,58819472,0,0,0,0,0,0,0,0,0,0,0,0,0,0,0,0,0,0,0,0,0,0,0,0,0,0,0,0,0,0,0,0,0,0,0,0,0,0,0,0,0,0,0,0,0,0,0,0,0,0
2017-01-17 19:50:10.870 UTC,125,0,0,0,0,0,3165736,1160,19659,224,0,0,0,0,0,0,0,0,0,0,0,0,0,5,5,0,2,1,9,0,0,0,0,0,0, ,0,0,0,0,0,0,0,0,0,0,4158,3,3488,0,0,0,0,0,0,37,0,0,0,0,0,0,0,0,0,0,0,0,0,0,0,0,0,0,0,0,0,0,0,0,0,0,0,0,0,1484681770536,3145728,0,0,0,0,0,0,0,0,0,0,0,3,0,0,0,0,0,1,0,0,0,0,0,0,0,0,0,0,0,0,0,0,0,0,0,0,62034464,0,0,0,0,0,0,0,0,0,0,0,0,0,0,0,0,0,0,0,0,0,0,0,0,0,0,0,0,0,0,0,0,0,0,0,0,0,0,0,0,0,0,0,0,0,0,0,0,0,0
2017-01-17 19:50:40.860 UTC,125,0,0,0,0,0,3165512,1160,19659,0,0,0,0,0,0,4,0,0,0,0,0,0,0,5,5,0,2,1,9,6,0,0,0,0,0, ,0,0,0,0,0,0,0,0,0,0,4158,3,3488,0,0,0,0,0,0,37,0,0,0,0,0,0,0,0,0,0,0,0,0,0,0,0,0,0,0,0,0,0,0,0,0,0,0,0,0,1484681770536,3145728,0,0,0,0,0,0,0,0,0,0,0,3,0,0,0,0,0,1,0,0,0,0,0,0,0,0,0,0,0,0,0,0,0,0,0,0,94042712,0,0,0,0,0,0,0,0,0,0,0,0,0,0,0,0,0,0,0,0,0,0,0,0,0,0,0,0,0,0,0,0,0,0,0,0,0,0,0,0,0,0,0,0,0,0,0,0,0,0
2017-01-18 16:22:49.974 UTC,125,0,0,0,0,0,3162617,1160,16540,224,0,0,0,0,0,23,4,0,0,0,0,0,5,4,4,0,2,1,7,17,8,0,0,0,0, ,0,0,0,0,0,0,0,0,0,0,4158,3,3488,0,0,0,0,0,0,37,0,0,0,0,0,0,0,0,0,0,0,0,0,0,0,0,0,0,0,0,0,0,0,0,0,0,0,0,2,1484756569932,3145728,0,0,0,19,0,0,0,3,0,0,0,3,0,0,0,0,19,1,2048,1,0,0,0,0,100352,28,0,0,0,0,0,0,0,0,20,87,166110360,0,0,0,0,0,0,0,32,0,0,0,0,0,0,0,0,0,0,0,0,0,0,0,0,0,0,0,0,0,0,1,0,0,0,0,0,0,0,0,0,0,0,0,0,0,0,0,0,0,0
2017-01-18 16:23:49.975 UTC,125,0,0,0,0,0,3165736,1160,19659,224,0,0,0,0,0,10,1,0,0,0,0,0,0,5,5,0,2,1,9,10,3,0,0,0,0, ,0,0,0,0,0,0,0,0,0,0,4158,3,3488,0,0,0,0,0,0,37,0,0,0,0,0,0,0,0,0,0,0,0,0,0,0,0,0,0,0,0,0,0,0,0,0,0,0,0,0,1484756569932,3145728,0,0,0,9,0,0,0,0,0,0,0,3,0,0,0,0,9,1,0,0,0,0,0,0,18432,9,0,0,0,0,0,0,0,0,1,7,59678032,0,0,0,0,0,0,0,10,0,0,0,0,0,0,0,0,0,2,0,0,0,0,0,0,0,0,0,0,0,0,2,0,0,0,0,0,0,0,0,0,0,0,0,0,0,0,0,0,0,0
2017-01-18 16:24:49.976 UTC,125,0,0,0,0,0,3165736,1160,19659,224,0,0,0,0,0,0,0,0,0,0,0,0,0,5,5,0,2,1,9,0,0,0,0,0,0, ,0,0,0,0,0,0,0,0,0,0,4158,3,3488,0,0,0,0,0,0,37,0,0,0,0,0,0,0,0,0,0,0,0,0,0,0,0,0,0,0,0,0,0,0,0,0,0,0,0,0,1484756569932,3145728,0,0,0,0,0,0,0,0,0,0,0,3,0,0,0,0,0,1,0,0,0,0,0,0,0,0,0,0,0,0,0,0,0,0,0,0,69424080,0,0,0,0,0,0,0,0,0,0,0,0,0,0,0,0,0,0,0,0,0,0,0,0,0,0,0,0,0,0,0,0,0,0,0,0,0,0,0,0,0,0,0,0,0,0,0,0,0,0
2017-01-18 16:25:40.535 UTC,125,0,0,0,0,0,3165512,1160,19659,0,0,0,0,0,0,4,0,0,0,0,0,0,0,5,5,0,2,1,9,6,0,0,0,0,0, ,0,0,0,0,0,0,0,0,0,0,4158,3,3488,0,0,0,0,0,0,37,0,0,0,0,0,0,0,0,0,0,0,0,0,0,0,0,0,0,0,0,0,0,0,0,0,0,0,0,0,1484756569932,3145728,0,0,0,0,0,0,0,0,0,0,0,3,0,0,0,0,0,1,0,0,0,0,0,0,0,0,0,0,0,0,0,0,0,0,0,0,92494360,0,0,0,0,0,0,0,0,0,0,0,0,0,0,0,0,0,0,0,0,0,0,0,0,0,0,0,0,0,0,0,0,0,0,0,0,0,0,0,0,0,0,0,0,0,0,0,0,0,0
